"Selection ID","Subject","Source file","Block","Line","Status","Reason","Supplied ID","Quotation","Reference","Candidate IDs and paragraphs","Assign ID","Assign paragraph","Notes","Review outcome","Located ID","Located paragraphs","Match evidence","Catalog reference IDs"
"5d5a004dba461211df902d79","Adam; Adam and Eve","subject_extracts/Evernote_scrape/Adam; Adam and Eve.txt","4","11","confirmed","Catalogue reference PT#50:2 p161 identifies ABU1437; the quotation and local English wording were compared directly, including translation variants and omissions.","","God has created all creatures in couples. Man, beast, or vegetable, all the things of these three kingdoms are of two sexes, and there is absolute equality between them.","PT#50:2 p161","ABU1437: 2","ABU1437","2","use Reference","confirmed","ABU1437","2","Catalogue reference PT#50:2 p161 identifies ABU1437; the quotation and local English wording were compared directly, including translation variants and omissions.","ABU1437"
"556da94813b4c8efc210067c","God as immanent vs. transcendent reality","subject_extracts/Evernote_scrape/God as immanent vs. transcendent reality.txt","10","23","confirmed","The complete GWB 84 passage is in BH00586 paragraph 6. The catalogue Translation field instead associates GWB 84 with BH00413; that record does not contain this passage.","","Regard thou the one true God as One Who is apart from, and immeasurably exalted above, all created things. The whole universe reflecteth His glory, while He is Himself independent of, and transcendeth His creatures. This is the true meaning of Divine unity (tawhid).","GWB#084 p166","BH00586: 6","BH00586","6","use Reference","confirmed","BH00586","6","The complete GWB 84 passage is in BH00586 paragraph 6. The catalogue Translation field instead associates GWB 84 with BH00413; that record does not contain this passage.","BH00413"
"5b96b6cf5822d9504e6204a7","God as immanent vs. transcendent reality","subject_extracts/Evernote_scrape/God as immanent vs. transcendent reality.txt","11","25","confirmed","Quotation matches GWB 93 in BH00245, paragraph 10; the supplied GWB 83 reference is inconsistent with the wording.","","It should be remembered in this connection that the one true God is in Himself exalted beyond and above proximity and remoteness. His reality transcendeth such limitations. His relationship to His creatures knoweth no degrees. That some are near and others are far is to be ascribed to the manifestations themselves.","GWB#083 p185-186","BH00245: 10","BH00245","10","use Reference","confirmed","BH00245","10","Quotation matches GWB 93 in BH00245, paragraph 10; the supplied GWB 83 reference is inconsistent with the wording.","BH00210"
"8e0a43802d42d5661e94f9f9","God as immanent vs. transcendent reality","subject_extracts/Evernote_scrape/God as immanent vs. transcendent reality.txt","12","27","confirmed","Catalogue reference GWB#093 p187 identifies BH00245; the quotation and local English wording were compared directly, including translation variants and omissions.","","He, verily, is one and indivisible; one in His essence, one in His attributes. Everything besides Him is as nothing when brought face to face with the resplendent revelation of but one of His names, with no more than the faintest intimation of His glory - how much less when confronted with His own Self!","GWB#093 p187","BH00245: 18","BH00245","18","use Reference","confirmed","BH00245","18","Catalogue reference GWB#093 p187 identifies BH00245; the quotation and local English wording were compared directly, including translation variants and omissions.","BH00245"
"841e469bb70c7a0501c63a3f","God as immanent vs. transcendent reality","subject_extracts/Evernote_scrape/God as immanent vs. transcendent reality.txt","40","83","confirmed","Catalogue reference GWB#083 p165-166 identifies BH00210; the quotation and local English wording were compared directly, including translation variants and omissions.","","Having recognized thy powerlessness to attain to an adequate understanding of that Reality which abideth within thee, thou wilt readily admit the futility of such efforts ... to fathom the mystery of the Living God.... This confession of helplessness which mature contemplation must eventually impel every mind to make is in itself the acme of human understanding, and marketh the culmination of man's development.","GWB#083 p165-166","BH00210: 11","BH00210","11","use Reference","confirmed","BH00210","11","Catalogue reference GWB#083 p165-166 identifies BH00210; the quotation and local English wording were compared directly, including translation variants and omissions.","BH00210"
"510429dc837204a50bf0c56e","God as immanent vs. transcendent reality","subject_extracts/Evernote_scrape/God as immanent vs. transcendent reality.txt","69","141","confirmed","Catalogue reference GWB#093 p184-185 identifies BH00245; the quotation and local English wording were compared directly, including translation variants and omissions.","","Behold, how immeasurably exalted is the Lord your God above all created things! Witness the majesty of His sovereignty, His ascendancy, and supreme power. If the things which have been created by Him--magnified be His glory--and ordained to be the manifestations of His names and attributes, stand, by virtue of the grace with which they have been endowed, exalted beyond all proximity and remoteness, how much loftier must be that Divine Essence that hath called them into being?...","GWB#093 p184-185","BH00245: 4","BH00245","4","use Reference","confirmed","BH00245","4","Catalogue reference GWB#093 p184-185 identifies BH00245; the quotation and local English wording were compared directly, including translation variants and omissions.","BH00245"
"ca364926374c79dc94b8f9c7","God as immanent vs. transcendent reality","subject_extracts/Evernote_scrape/God as immanent vs. transcendent reality.txt","89","184","confirmed","Catalogue reference GWB#093 p185 identifies BH00245; the quotation and local English wording were compared directly, including translation variants and omissions.","","Meditate on what the poet hath written: ""Wonder not, if my Best-Beloved be closer to me than mine own self; wonder at this, that I, despite such nearness, should still be so far from Him.""... Considering what God hath revealed, that ""We are closer to man than his life-vein,"" the poet hath, in allusion to this verse, stated that, though the revelation of my Best-Beloved hath so permeated my being that He is closer to me than my life-vein, yet, notwithstanding my certitude of its reality and my recognition of my station, I am still so far removed from Him.","GWB#093 p185","BH00245: 8, 9","BH00245","8, 9","use Reference","confirmed","BH00245","8, 9","Catalogue reference GWB#093 p185 identifies BH00245; the quotation and local English wording were compared directly, including translation variants and omissions.","BH00245"
"7122d13029b5ae93678a1da1","God's knowledge","subject_extracts/Evernote_scrape/God's knowledge.txt","5","19","confirmed","Catalogue reference GWB#100 p204 identifies BH00718; the quotation and local English wording were compared directly, including translation variants and omissions.","","He Who is the Eternal Truth knoweth well what the breasts of men conceal. His long forbearance hath emboldened His creatures, for not until the appointed time is come will He rend any veil asunder. His surpassing mercy hath restrained the fury of His wrath, and caused most people to imagine that the one true God is unaware of the things they have privily committed. By Him Who is the All-Knowing, the All-Informed! The mirror of His knowledge reflecteth, with complete distinctness, precision and fidelity, the doings of all men.","GWB#100 p204","BH00718: 13","BH00718","13","use Reference","confirmed","BH00718","13","Catalogue reference GWB#100 p204 identifies BH00718; the quotation and local English wording were compared directly, including translation variants and omissions.","BH00718"
"af19828964378eebf8454b39","House of Worship [Mashriqu'l-Adhkar]","subject_extracts/Evernote_scrape/House of Worship [Mashriqu'l-Adhkar].txt","5","13","confirmed","Catalogue reference SWAB#060 p095-096 identifies AB00963; the quotation and local English wording were compared directly, including translation variants and omissions.","","Although to outward seeming the Mashriqu'l-Adhkar is a material structure, yet it hath a spiritual effect. It forgeth bonds of unity from heart to heart; it is a collective centre for men's souls. Every city in which, during the days of the Manifestation, a temple was raised up, hath created security and constancy and peace, for such buildings were given over to the perpetual glorification of God, and only in the remembrance of God can the heart find rest. Gracious God! The edifice of the House of Worship hath a powerful influence on every phase of life. Experience hath, in the east, clearly shown this to be a fact. Even if, in some small village, a house was designated as the Mashriqu'l-Adhkar, it produced a marked effect; how much greater would be the impact of one especially raised up.","SWAB#060 p095-096","AB00963: 3, 4, 5","AB00963","3, 4, 5","use Reference","confirmed","AB00963","3, 4, 5","Catalogue reference SWAB#060 p095-096 identifies AB00963; the quotation and local English wording were compared directly, including translation variants and omissions.","AB00963"
"492aebeb9849be1b2aa656d4","Manifestation of God as recipient of divine revelation; Holy Spirit","subject_extracts/Evernote_scrape/Manifestation of God as recipient of divine revelation; Holy Spirit.txt","1","5","confirmed","Catalogue reference GWB#129 p282 identifies BH00144; the quotation and local English wording were compared directly, including translation variants and omissions.","","Step out of Thy holy chamber, O Maid of Heaven, inmate of the Exalted Paradise! Drape thyself in whatever manner pleaseth Thee in the silken Vesture of Immortality, and put on, in the name of the All-Glorious, the broidered Robe of Light.","GWB#129 p282","BH00144: 11","BH00144","11","use Reference","confirmed","BH00144","11","Catalogue reference GWB#129 p282 identifies BH00144; the quotation and local English wording were compared directly, including translation variants and omissions.","BH00144"
"edf2e097770999e1ff9a7f19","Manifestation of God as recipient of divine revelation; Holy Spirit","subject_extracts/Evernote_scrape/Manifestation of God as recipient of divine revelation; Holy Spirit.txt","7","17","confirmed","Catalogue reference GWB#129 p283 identifies BH00144; the quotation and local English wording were compared directly, including translation variants and omissions.","","Step out of Thy holy chamber, O Maid of Heaven... enrich Thyself increasingly, in the kingdom of creation, with the incorruptible vestures of thy God, that the beauteous image of the Almighty may be reflected through Thee in all created things and the grace of Thy Lord be infused in the plenitude of its power into the entire creation.","GWB#129 p283","BH00144: 11, 12","BH00144","11, 12","use Reference","confirmed","BH00144","11, 12","Catalogue reference GWB#129 p283 identifies BH00144; the quotation and local English wording were compared directly, including translation variants and omissions.","BH00144"
"c7d11e34328d8eaf2a24f2cd","Manifestation of God does not act of own volition","subject_extracts/Evernote_scrape/Manifestation of God does not act of own volition.txt","7","17","confirmed","Catalogue reference GWB#153 p328 identifies BH00249; the quotation and local English wording were compared directly, including translation variants and omissions.","","O My servants! There shineth nothing else in Mine heart except the unfading light of the Morn of Divine guidance, and out of My mouth proceedeth naught but the essence of truth, which the Lord your God hath revealed.","GWB#153 p328","BH00249: 28","BH00249","28","use Reference","confirmed","BH00249","28","Catalogue reference GWB#153 p328 identifies BH00249; the quotation and local English wording were compared directly, including translation variants and omissions.","BH00249"
"0dad3b6381420c0ae5c220cf","Manifestation of God the only route to knowledge of God","subject_extracts/Evernote_scrape/Manifestation of God the only route to knowledge of God.txt","25","62","confirmed","Catalogue reference GWB#089 p175 identifies BH00271; the quotation and local English wording were compared directly, including translation variants and omissions.","","Know assuredly that just as thou firmly believest that the Word of God, exalted be His glory, endureth for ever, thou must, likewise, believe with undoubting faith that its meaning can never be exhausted. They who are its appointed interpreters, they whose hearts are the repositories of its secrets, are, however, the only ones who can comprehend its manifold wisdom.","GWB#089 p175","BH00271: 14","BH00271","14","use Reference","confirmed","BH00271","14","Catalogue reference GWB#089 p175 identifies BH00271; the quotation and local English wording were compared directly, including translation variants and omissions.","BH00271"
"50653392a373de229b85c104","The Holy Spirit","subject_extracts/Evernote_scrape/The Holy Spirit.txt","61","143","confirmed","Catalogue reference SWAB#145 p169-170 identifies AB00092; the quotation and local English wording were compared directly, including translation variants and omissions.","","The spirit of man is a circumambient power that encompasseth the realities of all things...the human spirit is an all-encompassing power that exerteth its dominion over the inner essences of all created things, uncovering the well kept mysteries of the phenomenal world. The divine spirit, however, doth unveil divine realities and universal mysteries that lie within the spiritual world.","SWAB#145 p169-170","AB00092: 5","AB00092","5","use Reference","confirmed","AB00092","5","Catalogue reference SWAB#145 p169-170 identifies AB00092; the quotation and local English wording were compared directly, including translation variants and omissions.","AB00092"
"d1e355549b4df423819edb51","The Holy Spirit","subject_extracts/Evernote_scrape/The Holy Spirit.txt","124","287","confirmed","Catalogue reference PT#28:7-9 p085 identifies ABU0114; the quotation and local English wording were compared directly, including translation variants and omissions.","","By the power of the Holy Spirit, working through his soul, man is able to perceive the Divine reality of things. All great works of art and science are witness to this power of the Spirit. The same Spirit gives Eternal Life. Those alone who are baptized by the Divine Spirit will be enabled to bring all peoples into the bond of unity.","PT#28:7-9 p085","ABU0114: 5","ABU0114","5","use Reference","confirmed","ABU0114","5","Catalogue reference PT#28:7-9 p085 identifies ABU0114; the quotation and local English wording were compared directly, including translation variants and omissions.","ABU0114"
"8bcde2135e53b513c83794d4","The self-generation of the Primal Will","subject_extracts/Evernote_scrape/The self-generation of the Primal Will.txt","16","44","confirmed","The quotation belongs to the Bab's Dhahabiyyih, BB00036 paragraphs 57–59. PT 22 in its reference is an editorial cross-reference to a different work, not the quoted source.","","Just as He [God] does not need for His being alive the existence of anything other than Him, He also does not need for His knowledge the existence of objects of knowledge. And the Essence [of God] continues to be [un]connected to things. The causation (`illiyya) of created things is His handiwork (san`ihi) and this is the [Primal] Will, which God has created through itself by itself without any fire from the Essence [of God] touching it.[1] And God has created existent things through it and it continues. The All-High does [not] speak except through it; and the All-High does not give any indication of its essence (dhatiyyatiha). And God has not given any sign of His Essence in [the whole of] creation (al-imkan), for His Being (kaynunatihi) sets beings apart from being known, and His Essence (dhatiyyatihi) prevents essences from being explained. Verily the relationship of the [Primal] Will to Him is like the relationship of a verse [of scripture] to God. It is a relationship that is conferred upon Creation not upon the Essence [of God], for It is sanctified from the mention of any indications or relationships or evidences or signs or stations or effulgences or breezes relating to It; and that being the case none can know It except Itself. And such expressions as Oneness of Being and the mention of the Uncompounded Reality is witness, in the estimation of the people of the covenants (ahl al-`uhud), to its falsity, for He is the one who there is no one other than He with Him. (The Bab, provisional translation, Risaliy-i-Dhahabiyyih,","INBA86:95-96, in Lawh-i-Basitu'l-Haqiqah)     [1] Cf. Qur'an 24:34: God is the light of the heavens and the earth. His light is like a niche in which is a lamp; the lamp encased in glass; the glass as it were a brilliant star lit from a blessed tree, an olive of neither the East nor the West, whose oil is beginning to burst into light, though no fire has touched it. Light upon light. God guideth whomsoever He willeth to His light; and of all things, God is knowing. see 'Abdu'l-Baha's commentary on this verse in PT#22:8 p069 and Baha'u'llah's Tafsir-i-Hurufat-i-Muqatta'ih.","BB00036: 57, 58, 59","BB00036","57, 58, 59","use Reference","confirmed","BB00036","57, 58, 59","The quotation belongs to the Bab's Dhahabiyyih, BB00036 paragraphs 57–59. PT 22 in its reference is an editorial cross-reference to a different work, not the quoted source.","ABU0755"
"f3133f250d8b72892e096593","Word of God and human limitations","subject_extracts/Evernote_scrape/Word of God and human limitations.txt","10","23","confirmed","Catalogue reference GWB#083 p165-166 identifies BH00210; the quotation and local English wording were compared directly, including translation variants and omissions.","","Having recognized thy powerlessness to attain to an adequate understanding of that Reality which abideth within thee, thou wilt readily admit the futility of such efforts ... to fathom the mystery of the Living God.... This confession of helplessness which mature contemplation must eventually impel every mind to make is in itself the acme of human understanding, and marketh the culmination of man's development.","GWB#083 p165-166","BH00210: 11","BH00210","11","use Reference","confirmed","BH00210","11","Catalogue reference GWB#083 p165-166 identifies BH00210; the quotation and local English wording were compared directly, including translation variants and omissions.","BH00210"
"8821b1bdf4873e69c2279a54","acknowledgment of gift; of monetary contribution","subject_extracts/Evernote_scrape/Financial contributions; Huququ'llah.txt","2","7","confirmed","Catalogue reference COC#1099 (from a Tablet of Baha'u'llah) identifies BH01747; the quotation and local English wording were compared directly, including translation variants and omissions.","","Nothing that existeth in the world of being hath ever been or ever will be worthy of mention. However, if a person be graciously favoured to offer a penny-worth -- nay even less -- in the path of God, this would in His sight be preferable and superior to all the treasures of the earth. It is for this reason that the one true God -- exalted be His glory -- hath in all His heavenly Scriptures praised those who observe His precepts and bestow their wealth for His sake.","COC#1099 (from a Tablet of Baha'u'llah)","BH01747: 6","BH01747","6","use Reference","confirmed","BH01747","6","Catalogue reference COC#1099 (from a Tablet of Baha'u'llah) identifies BH01747; the quotation and local English wording were compared directly, including translation variants and omissions.","BH01747"
"4ac0f0f238f20d77328afd7e","acting according to the exigencies of the day; pragmatism","subject_extracts/Evernote_scrape/acting according to the exigencies of the day; pragmatism.txt","4","14","confirmed","Catalogue reference COC#1587 (Abdu'l-Baha) identifies AB00757; the quotation and local English wording were compared directly, including translation variants and omissions.","","Chaos and confusion are daily increasing in the world. They will attain such intensity as to render the frame of mankind unable to bear them. Then will men be awakened and become aware that religion is the impregnable stronghold and the manifest light of the world, and its laws, exhortations and teachings the source of life on earth.","COC#1587 (Abdu'l-Baha)","AB00757: 3","AB00757","3","use Reference","confirmed","AB00757","3","Catalogue reference COC#1587 (Abdu'l-Baha) identifies AB00757; the quotation and local English wording were compared directly, including translation variants and omissions.","AB00757"
"447f2bedda7a3502e0dade37","alchemy; the elixir","subject_extracts/Evernote_scrape/alchemy; the elixir.txt","5","13","confirmed","Catalogue reference GWB#099 p200, Ruhi6.1.20 identifies BH01234; the quotation and local English wording were compared directly, including translation variants and omissions.","","Is it within human power, O Hakim, to effect in the constituent elements of any of the minute and indivisible particles of matter so complete a transformation as to transmute it into purest gold? Perplexing and difficult as this may appear, the still greater task of converting satanic strength into heavenly power is one that We have been empowered to accomplish. The Force capable of such a transformation transcendeth the potency of the Elixir itself. The Word of God, alone, can claim the distinction of being endowed with the capacity required for so great and far-reaching a change.","GWB#099 p200, Ruhi6.1.20","BH01234: 4","BH01234","4","use Reference","confirmed","BH01234","4","Catalogue reference GWB#099 p200, Ruhi6.1.20 identifies BH01234; the quotation and local English wording were compared directly, including translation variants and omissions.","BH01234"
"c25b8b418320ae6cf7e1b9eb","assistance to the poor and lowly; the orphan; the sick","subject_extracts/Evernote_scrape/assistance to the poor and lowly; the orphan; the sick.txt","4","11","confirmed","Catalogue reference GWB#145 p314-315 identifies BH00144; the quotation and local English wording were compared directly, including translation variants and omissions.","","If ye meet the abased or the down-trodden, turn not away disdainfully from them, for the King of Glory ever watcheth over them and surroundeth them with such tenderness as none can fathom except them that have suffered their wishes and desires to be merged in the Will of your Lord, the Gracious, the All-Wise. O ye rich ones of the earth! Flee not from the face of the poor that lieth in the dust, nay rather befriend him and suffer him to recount the tale of the woes with which God's inscrutable Decree hath caused him to be afflicted. By the righteousness of God! Whilst ye consort with him, the Concourse on high will be looking upon you, will be interceding for you, will be extolling your names and glorifying your action.","GWB#145 p314-315","BH00144: 22, 23","BH00144","22, 23","use Reference","confirmed","BH00144","22, 23","Catalogue reference GWB#145 p314-315 identifies BH00144; the quotation and local English wording were compared directly, including translation variants and omissions.","BH00144"
"388506cd829244c175b1e683","bribery and corruption","subject_extracts/Evernote_scrape/bribery and corruption.txt","3","9","confirmed","Catalogue reference COC#2073 ('Abdu'l-Baha, from a Tablet) identifies AB01301; the quotation and local English wording were compared directly, including translation variants and omissions.","","How foolish and ignorant must a man be, how base his nature, and how vile the clay of which he is fashioned, if he would defile himself with the contamination of bribery, corruption and perfidy towards the state! Truly, the vermin of the earth are to be preferred to such people!","COC#2073 ('Abdu'l-Baha, from a Tablet)","AB01301: 2","AB01301","2","use Reference","confirmed","AB01301","2","Catalogue reference COC#2073 ('Abdu'l-Baha, from a Tablet) identifies AB01301; the quotation and local English wording were compared directly, including translation variants and omissions.","AB01301"
"1c9f8029aa5e6b73eec4905f","call to acquire knowledge; sciences","subject_extracts/Evernote_scrape/call to acquire knowledge; sciences.txt","3","9","confirmed","Catalogue reference GWB#074 p141-142 identifies BH00545; the quotation and local English wording were compared directly, including translation variants and omissions.","","Through the mere revelation of the word 'Fashioner,' issuing forth from His lips and proclaiming His attribute to mankind, such power is released as can generate, through successive ages, all the manifold arts which the hands of man can produce.","GWB#074 p141-142","BH00545: 5","BH00545","5","use Reference","confirmed","BH00545","5","Catalogue reference GWB#074 p141-142 identifies BH00545; the quotation and local English wording were compared directly, including translation variants and omissions.","BH00545"
"76c2bd6047016aad73553b15","call to acquire knowledge; sciences","subject_extracts/Evernote_scrape/call to acquire knowledge; sciences.txt","8","19","confirmed","Catalogue reference SWAB#145 p169-170 identifies AB00092; the quotation and local English wording were compared directly, including translation variants and omissions.","","Whatsoever thou dost see about thee - wondrous products of human workmanship, inventions, discoveries and like evidences - each one of these was once a secret hidden away in the realm of the unknown. The human spirit laid that secret bare, and drew it forth from the unseen into the visible world.","SWAB#145 p169-170","AB00092: 5","AB00092","5","use Reference","confirmed","AB00092","5","Catalogue reference SWAB#145 p169-170 identifies AB00092; the quotation and local English wording were compared directly, including translation variants and omissions.","AB00092"
"4eedc516865f8069a8d5889a","call to acquire knowledge; sciences","subject_extracts/Evernote_scrape/call to acquire knowledge; sciences.txt","27","60","confirmed","Catalogue reference PT#11:13 p043 identifies ABU0439; the quotation and local English wording were compared directly, including translation variants and omissions.","","Study the sciences, acquire more and more knowledge. Assuredly one may learn to the end of one's life!","PT#11:13 p043","ABU0439: 6","ABU0439","6","use Reference","confirmed","ABU0439","6","Catalogue reference PT#11:13 p043 identifies ABU0439; the quotation and local English wording were compared directly, including translation variants and omissions.","ABU0439"
"b1d025effd35ae168d2d4263","call to acquire knowledge; sciences","subject_extracts/Evernote_scrape/call to acquire knowledge; sciences.txt","30","66","confirmed","Catalogue reference COC#578, BP.103, Ruhi7.2.4 (Abdu'l-Baha) identifies AB00787; the quotation and local English wording were compared directly, including translation variants and omissions.","","O Lord, help Thou Thy loved ones to acquire knowledge and the sciences and arts, and to unravel the secrets that are treasured up in the inmost reality of all created beings. Make them to hear the hidden truths that are written and embedded in the heart of all that is.... The attainment of the most great guidance is dependent upon knowledge and wisdom, and on being informed as to the mysteries of the Holy Words. Wherefore must the loved ones of God ... each one according to his capabilities, strive to acquire the various branches of knowledge, and to increase his understanding of the mysteries of the Holy Books, and his skill in marshaling the divine proofs and evidences.","COC#578, BP.103, Ruhi7.2.4 (Abdu'l-Baha)","AB00787: 1, 2, 3","AB00787","1, 2, 3","use Reference","confirmed","AB00787","1, 2, 3","Catalogue reference COC#578, BP.103, Ruhi7.2.4 (Abdu'l-Baha) identifies AB00787; the quotation and local English wording were compared directly, including translation variants and omissions.","AB00787"
"bc24739b885cd62bfa5f5ca7","chastisement and requital","subject_extracts/Evernote_scrape/chastisement and requital.txt","2","10","confirmed","Catalogue reference GWB#086 p170, Ruhi1.3.14 identifies BH00972; the quotation and local English wording were compared directly, including translation variants and omissions.","","The souls of the infidels, however, shall -- and to this I bear witness -- when breathing their last be made aware of the good things that have escaped them, and shall bemoan their plight, and shall humble themselves before God. They shall continue doing so after the separation of their souls from their bodies.","GWB#086 p170, Ruhi1.3.14","BH00972: 6","BH00972","6","use Reference","confirmed","BH00972","6","Catalogue reference GWB#086 p170, Ruhi1.3.14 identifies BH00972; the quotation and local English wording were compared directly, including translation variants and omissions.","BH00972"
"13358b2f0163e8a969675a00","chastisement and requital","subject_extracts/Evernote_scrape/chastisement and requital.txt","4","17","confirmed","Catalogue reference GWB#153 p325 identifies BH00249; the quotation and local English wording were compared directly, including translation variants and omissions.","","Though the wonders of My mercy have encompassed all created things, both visible and invisible, and though the revelations of My grace and bounty have permeated every atom of the universe, yet the rod with which I can chastise the wicked is grievous, and the fierceness of Mine anger against them terrible.","GWB#153 p325","BH00249: 17","BH00249","17","use Reference","confirmed","BH00249","17","Catalogue reference GWB#153 p325 identifies BH00249; the quotation and local English wording were compared directly, including translation variants and omissions.","BH00249"
"4209d77de9294ae34d54365f","church and state in the future","subject_extracts/Evernote_scrape/church and state in the future.txt","12","27","unmatched","Composite quotation: all three sources located, but this row combines passages from three different records and needs to be separated before it can have one accepted mapping.","","""The one true God, ... hath ever regarded, and will continue to regard, the hearts of men as His own, His exclusive possession. All else, whether pertaining to land or sea, whether riches or glory, He hath bequeathed unto the Kings and rulers of the earth. ... The instruments which are essential to the immediate protection, the security and assurance of the human race have been entrusted to the hands, and lie in the grasp, of the governors of human society."" (GWB.206-207) ""The one true God, ... hath bestowed the government of the earth upon the kings. .. That which He hath reserved for Himself are the cities of men's hearts"" (GWB.241) ""your Lord hath committed the world and the cities thereof to the care of the kings of the earth, and made them the emblems of His own power, by virtue of the sovereignty He hath chosen to bestow upon them. He hath refused to reserve for Himself any share whatever of this world's dominion.","(GWB.303)","BH01333: 5 (0); BH00513: 6 (0); BH00846: 10 (0)","","","use Reference","needs review","","","Composite quotation: all three sources located, but this row combines passages from three different records and needs to be separated before it can have one accepted mapping.",""
"ab959e5c4b2ef9769c90ce73","condition of search","subject_extracts/Evernote_scrape/condition of search.txt","13","29","confirmed","Catalogue reference GWB#153 p326, Ruhi2.1.2 identifies BH00249; the quotation and local English wording were compared directly, including translation variants and omissions.","","O My servants! My holy, My divinely ordained Revelation may be likened unto an ocean in whose depths are concealed innumerable pearls of great price, of surpassing luster. It is the duty of every seeker to bestir himself and strive to attain the shores of this ocean, so that he may, in proportion to the eagerness of his search and the efforts he hath exerted, partake of such benefits as have been pre-ordained in God's irrevocable and hidden Tablets.","GWB#153 p326, Ruhi2.1.2","BH00249: 21","BH00249","21","use Reference","confirmed","BH00249","21","Catalogue reference GWB#153 p326, Ruhi2.1.2 identifies BH00249; the quotation and local English wording were compared directly, including translation variants and omissions.","BH00249"
"d5ec65dd3a6ec0fe06ef5dce","confirmations and rewards in teaching the Cause","subject_extracts/Evernote_scrape/confirmations and rewards in teaching the Cause.txt","25","56","confirmed","Catalogue reference SWAB#209 p264-265 identifies AB01174; the quotation and local English wording were compared directly, including translation variants and omissions.","","It is clear that in this day, confirmations from the unseen world are encompassing all those who deliver the divine Message. Should the work of teaching lapse, these confirmations would be entirely cut off, since it is impossible for the loved ones of God to receive assistance unless they teach.","SWAB#209 p264-265","AB01174: 1","AB01174","1","use Reference","confirmed","AB01174","1","Catalogue reference SWAB#209 p264-265 identifies AB01174; the quotation and local English wording were compared directly, including translation variants and omissions.","AB01174"
"940c8f550ca70d0c6407b514","consorting with all; being kind; loving to all","subject_extracts/Evernote_scrape/consorting with all; being kind; loving to all.txt","9","21","confirmed","Catalogue reference GWB#128 p277 identifies BH00144; the quotation and local English wording were compared directly, including translation variants and omissions.","","Say: Fear God, O people, and refrain from shedding the blood of any one. Contend not with your neighbor, and be ye of them that do good. Beware that ye commit no disorders on the earth after it hath been well ordered, and follow not the footsteps of them that are gone astray.","GWB#128 p277","BH00144: 19","BH00144","19","use Reference","confirmed","BH00144","19","Catalogue reference GWB#128 p277 identifies BH00144; the quotation and local English wording were compared directly, including translation variants and omissions.","BH00144"
"a51d14e97b4b130e586063dc","consultation","subject_extracts/Evernote_scrape/consultation.txt","5","16","confirmed","Catalogue reference COC#185 (Abdu'l-Baha) identifies AB00551; the quotation and local English wording were compared directly, including translation variants and omissions.","","Settle all things, both great and small, by consultation. Without prior consultation, take no important step in your own personal affairs. Concern yourselves with one another. Help along one another's projects and plans. Grieve over one another. Let none in the whole country go in need. Befriend one another until ye become as a single body, one and all...","COC#185 (Abdu'l-Baha)","AB00551: 4","AB00551","4","use Reference","confirmed","AB00551","4","Catalogue reference COC#185 (Abdu'l-Baha) identifies AB00551; the quotation and local English wording were compared directly, including translation variants and omissions.","AB00551"
"b974ef90a313db7dc09c6a4c","consultation","subject_extracts/Evernote_scrape/consultation.txt","12","30","confirmed","Catalogue reference COC#170 (Baha'u'llah, from a Tablet translated from the Persian) identifies BH00083; the quotation and local English wording were compared directly, including translation variants and omissions.","","In all things it is necessary to consult. This matter should be forcibly stressed by thee, so that consultation may be observed by all. The intent of what hath been revealed from the Pen of the Most High is that consultation may be fully carried out among the friends, inasmuch as it is and will always be a cause of awareness and of awakening and a source of good and well-being.","COC#170 (Baha'u'llah, from a Tablet translated from the Persian)","BH00083: 21","BH00083","21","use Reference","confirmed","BH00083","21","Catalogue reference COC#170 (Baha'u'llah, from a Tablet translated from the Persian) identifies BH00083; the quotation and local English wording were compared directly, including translation variants and omissions.","BH00083"
"e4976e1249f73049c4e13f62","contention and conflict","subject_extracts/Evernote_scrape/contention and conflict.txt","5","13","confirmed","Catalogue reference GWB#043 p097, TB.094 identifies BH00238; the quotation and local English wording were compared directly, including translation variants and omissions.","","The distinguishing feature that marketh the preeminent character of this Supreme Revelation consisteth in that We have, on the one hand, blotted out from the pages of God's holy Book whatsoever hath been the cause of strife, of malice and mischief amongst the children of men, and have, on the other, laid down the essential prerequisites of concord, of understanding, of complete and enduring unity.","GWB#043 p097, TB.094","BH00238: 34","BH00238","34","use Reference","confirmed","BH00238","34","Catalogue reference GWB#043 p097, TB.094 identifies BH00238; the quotation and local English wording were compared directly, including translation variants and omissions.","BH00238"
"034216b20c1fff8459518146","contention and conflict","subject_extracts/Evernote_scrape/contention and conflict.txt","8","19","confirmed","Catalogue reference GWB#128 p277 identifies BH00144; the quotation and local English wording were compared directly, including translation variants and omissions.","","Say: Fear God, O people, and refrain from shedding the blood of any one. Contend not with your neighbor, and be ye of them that do good. Beware that ye commit no disorders on the earth after it hath been well ordered, and follow not the footsteps of them that are gone astray.","GWB#128 p277","BH00144: 19","BH00144","19","use Reference","confirmed","BH00144","19","Catalogue reference GWB#128 p277 identifies BH00144; the quotation and local English wording were compared directly, including translation variants and omissions.","BH00144"
"10e3b2a633ceb1667056d297","contention and conflict","subject_extracts/Evernote_scrape/contention and conflict.txt","12","27","approximate","","","When a thought of war comes, oppose it by a stronger thought of peace. A thought of hatred must be destroyed by a more powerful thought of love.","PT#06:7 p029, Ruhi1.1.5, Ruhi2.2.4","ABU0478: 4 (1)","","","use Reference","approximate","ABU0478","4","PT 6 locates this talk. Paragraph 4 expresses the corresponding replacement of war, hatred and division by peace, love and unity; the local translation has substantially different wording.","ABU0478"
"3487205f0ffcb120f25f11ba","contention and conflict","subject_extracts/Evernote_scrape/contention and conflict.txt","24","54","confirmed","Catalogue reference GWB#128 p279 identifies BH00144; the quotation and local English wording were compared directly, including translation variants and omissions.","","Beware lest ye contend with any one, nay, strive to make him aware of the truth with kindly manner and most convincing exhortation. If your hearer respond, he will have responded to his own behoof, and if not, turn ye away from him, and set your faces towards God's sacred Court, the seat of resplendent holiness.","GWB#128 p279","BH00144: 22","BH00144","22","use Reference","confirmed","BH00144","22","Catalogue reference GWB#128 p279 identifies BH00144; the quotation and local English wording were compared directly, including translation variants and omissions.","BH00144"
"a3d9728059b4c2ce41327cbf","corruption; misinterpretation of the Word of God","subject_extracts/Evernote_scrape/corruption; misinterpretation of the Word of God.txt","5","13","confirmed","Catalogue reference GWB#153 p325 identifies BH00249; the quotation and local English wording were compared directly, including translation variants and omissions.","","Corrupt not the holy, the all-embracing, and primal Word of God, and seek not to profane its sanctity or to debase its exalted character.","GWB#153 p325","BH00249: 16","BH00249","16","use Reference","confirmed","BH00249","16","Catalogue reference GWB#153 p325 identifies BH00249; the quotation and local English wording were compared directly, including translation variants and omissions.","BH00249"
"322534f490d7d465b8672929","defending the Faith; protecting the Cause; apologetics","subject_extracts/Evernote_scrape/defending the Faith; protecting the Cause; apologetics.txt","4","11","confirmed","Catalogue reference GWB#109 p214-215, Ruhi3a.L28 identifies BH00407; the quotation and local English wording were compared directly, including translation variants and omissions.","","Though the forces of the nations be arrayed against Him, though the kings of the earth be leagued to undermine His Cause, the power of His might shall stand unshaken. He, verily, speaketh the truth, and summoneth all mankind to the way of Him Who is the Incomparable, the All-Knowing.","GWB#109 p214-215, Ruhi3a.L28","BH00407: 10","BH00407","10","use Reference","confirmed","BH00407","10","Catalogue reference GWB#109 p214-215, Ruhi3a.L28 identifies BH00407; the quotation and local English wording were compared directly, including translation variants and omissions.","BH00407"
"052d0f8a8df925125b5da00d","degrees of spirit and the kingdoms of existence","subject_extracts/Evernote_scrape/degrees of spirit and the kingdoms of existence.txt","60","132","confirmed","Catalogue reference SWAB#030 p061, SW v11#10 p159 identifies AB01382; the quotation and local English wording were compared directly, including translation variants and omissions.","","In the world of existence ... there are stages of mortality: the first stage is the mineral world, next is the vegetable world....","SWAB#030 p061, SW v11#10 p159","AB01382: 4","AB01382","4","use Reference","confirmed","AB01382","4","Catalogue reference SWAB#030 p061, SW v11#10 p159 identifies AB01382; the quotation and local English wording were compared directly, including translation variants and omissions.","AB01382"
"706f9ed2ad77d1860bc99120","degrees of spirit and the kingdoms of existence","subject_extracts/Evernote_scrape/degrees of spirit and the kingdoms of existence.txt","68","148","unmatched","PT 11 identifies ABU0439. Paragraph 2 discusses knowledge and comprehensive understanding, but the exact assertion about the several kingdoms and stages of existence is not present in the local English version. Paragraph 2 is a contextual lead, not a confirmed quotation mapping.","","The understanding is the power by which man acquires his knowledge of the several kingdoms of creation, and of various stages of existence, as well as of much which is invisible.","PT#11:2 p041","ABU0439: 2 (0)","","","use Reference","needs review","","","PT 11 identifies ABU0439. Paragraph 2 discusses knowledge and comprehensive understanding, but the exact assertion about the several kingdoms and stages of existence is not present in the local English version. Paragraph 2 is a contextual lead, not a confirmed quotation mapping.","ABU0439"
"771b6b09cb826e8cb6cc7476","detachment in teaching the Cause","subject_extracts/Evernote_scrape/detachment in teaching the Cause.txt","1","5","confirmed","Catalogue reference GWB#161 p339, Ruhi2.1.9, Ruhi2.2.7 identifies BH00245; the quotation and local English wording were compared directly, including translation variants and omissions.","","Gird up the loins of thine endeavor, that haply thou mayest guide thy neighbor to the law of God, the Most Merciful. Such an act, verily, excelleth all other acts in the sight of God, the All-Possessing, the Most High. Such must be thy steadfastness in the Cause of God, that no earthly thing whatsoever will have the power to deter thee from thy duty. Though the powers of earth be leagued against thee, though all men dispute with thee, thou must remain unshaken.         Be unrestrained as the wind, while carrying the Message of Him Who hath caused the Dawn of Divine Guidance to break.... It bloweth in every direction, as bidden by its Creator. So should be every one that claimeth to be a lover of the one true God. It behoveth him to fix his gaze upon the fundamentals of His Faith, and to labor diligently for its propagation. Wholly for the sake of God he should proclaim His Message, and with that same spirit accept whatever response his words may evoke in his hearer.","GWB#161 p339, Ruhi2.1.9, Ruhi2.2.7","BH00245: 26, 27","BH00245","26, 27","use Reference","confirmed","BH00245","26, 27","Catalogue reference GWB#161 p339, Ruhi2.1.9, Ruhi2.2.7 identifies BH00245; the quotation and local English wording were compared directly, including translation variants and omissions.","BH00245"
"5c5c7da4a702b19925ecf857","detachment in teaching the Cause","subject_extracts/Evernote_scrape/detachment in teaching the Cause.txt","3","9","confirmed","Catalogue reference GWB#100 p201, Ruhi6.2.8 identifies BH00718; the quotation and local English wording were compared directly, including translation variants and omissions.","","If they arise to teach My Cause, they must let the breath of Him Who is the Unconstrained, stir them and must spread it abroad on the earth with high resolve, with minds that are wholly centered in Him, and with hearts that are completely detached from and independent of all things, and with souls that are sanctified from the world and its vanities. It behoveth them to choose as the best provision for their journey reliance upon God, and to clothe themselves with the love of their Lord, the Most Exalted, the All-Glorious. If they do so, their words shall influence their hearers.","GWB#100 p201, Ruhi6.2.8","BH00718: 7","BH00718","7","use Reference","confirmed","BH00718","7","Catalogue reference GWB#100 p201, Ruhi6.2.8 identifies BH00718; the quotation and local English wording were compared directly, including translation variants and omissions.","BH00718"
"d3c30aa39d556430360dd8d4","detachment in teaching the Cause","subject_extracts/Evernote_scrape/detachment in teaching the Cause.txt","4","11","confirmed","Catalogue reference GWB#157 p334, Ruhi2.1.9 identifies BH05162; the quotation and local English wording were compared directly, including translation variants and omissions.","","Whoso ariseth to teach Our Cause must needs detach himself from all earthly things, and regard, at all times, the triumph of Our Faith as his supreme objective.","GWB#157 p334, Ruhi2.1.9","BH05162: 5","BH05162","5","use Reference","confirmed","BH05162","5","Catalogue reference GWB#157 p334, Ruhi2.1.9 identifies BH05162; the quotation and local English wording were compared directly, including translation variants and omissions.","BH05162"
"1b0f9238897c00048c62183c","detachment; severance; renunciation; patience","subject_extracts/Evernote_scrape/detachment; severance; renunciation; patience.txt","29","61","confirmed","Catalogue reference GWB#100 p200, GWB#100 p202 identifies BH00718; the quotation and local English wording were compared directly, including translation variants and omissions.","","O ye My loved ones! Suffer not the hem of My sacred vesture to be smirched and mired with the things of this world, and follow not the promptings of your evil and corrupt desires.... It is incumbent upon thee, and upon the followers of Him Who is the Eternal Truth, to summon all men to whatsoever shall sanctify them from all attachment to the things of the earth and purge them from its defilements, that the sweet smell of the raiment of the All-Glorious may be smelled from all them that love Him.","GWB#100 p200, GWB#100 p202","BH00718: 7, 9","BH00718","7, 9","use Reference","confirmed","BH00718","7, 9","Catalogue reference GWB#100 p200, GWB#100 p202 identifies BH00718; the quotation and local English wording were compared directly, including translation variants and omissions.","BH00718"
"533f2ede10b6dd34a2f71f66","detachment; severance; renunciation; patience","subject_extracts/Evernote_scrape/detachment; severance; renunciation; patience.txt","30","63","confirmed","Catalogue reference GWB#115 p241 identifies BH00513; the quotation and local English wording were compared directly, including translation variants and omissions.","","Forebear ye from concerning yourselves with the affairs of this world and all that pertaineth unto it, or from meddling with the activities of those who are its outward leaders.","GWB#115 p241","BH00513: 6","BH00513","6","use Reference","confirmed","BH00513","6","Catalogue reference GWB#115 p241 identifies BH00513; the quotation and local English wording were compared directly, including translation variants and omissions.","BH00513"
"da50dbe14a095cd0858a1a77","detachment; severance; renunciation; patience","subject_extracts/Evernote_scrape/detachment; severance; renunciation; patience.txt","33","69","confirmed","Catalogue reference GWB#164 p343 identifies BH00576; the quotation and local English wording were compared directly, including translation variants and omissions.","","Were any man to ponder in his heart that which the Pen of the Most High hath revealed and to taste of its sweetness, he would, of a certainty, find himself emptied and delivered from his own desires, and utterly subservient to the Will of the Almighty. Happy is the man that hath attained so high a station, and hath not deprived himself of so bountiful a grace.","GWB#164 p343","BH00576: 7","BH00576","7","use Reference","confirmed","BH00576","7","Catalogue reference GWB#164 p343 identifies BH00576; the quotation and local English wording were compared directly, including translation variants and omissions.","BH00576"
"181df0b7558246ce8e045b08","development of capacity and readiness","subject_extracts/Evernote_scrape/spiritual capacity; receptivity.txt","2","7","confirmed","Catalogue reference GWB#124 p262 identifies BH00210; the quotation and local English wording were compared directly, including translation variants and omissions.","","The greater the effort exerted for the refinement of this sublime and noble mirror, the more faithfully will it be made to reflect the glory of the names and attributes of God, and reveal the wonders of His signs and knowledge.... There can be no doubt whatever that, in consequence of the efforts which every man may consciously exert and as a result of the exertion of his own spiritual faculties, this mirror can be so cleansed from the dross of earthly defilements and purged from satanic fancies as to be able to draw nigh unto the meads of eternal holiness and attain the courts of everlasting fellowship.","GWB#124 p262","BH00210: 2, 3","BH00210","2, 3","use Reference","confirmed","BH00210","2, 3","Catalogue reference GWB#124 p262 identifies BH00210; the quotation and local English wording were compared directly, including translation variants and omissions.","BH00210"
"a56928e9a3b6fce3346869a4","differences in human capacity","subject_extracts/Evernote_scrape/differences in human capacity.txt","3","9","confirmed","Catalogue reference GWB#093 p187 identifies BH00245; the quotation and local English wording were compared directly, including translation variants and omissions.","","...certain foolish ones ..., after having ascended into the heavens of their idle fancies, have interpreted Divine Unity (tawhid) to mean that all created things are the signs of God, and that, consequently, there is no distinction whatsoever between them. Some have even outstripped them by maintaining that these signs are peers and partners of God Himself. Gracious God!","GWB#093 p187","BH00245: 18","BH00245","18","use Reference","confirmed","BH00245","18","Catalogue reference GWB#093 p187 identifies BH00245; the quotation and local English wording were compared directly, including translation variants and omissions.","BH00245"
"de07f2e9821930f6c228d1ee","differences in human capacity","subject_extracts/Evernote_scrape/differences in human capacity.txt","6","15","confirmed","Catalogue reference GWB#093 p188 identifies BH00245; the quotation and local English wording were compared directly, including translation variants and omissions.","","To transgress the limits of one's own rank and station is, in no wise, permissible. The integrity of every rank and station must needs be preserved. By this is meant that every created thing should be viewed in the light of the station it hath been ordained to occupy.","GWB#093 p188","BH00245: 20","BH00245","20","use Reference","confirmed","BH00245","20","Catalogue reference GWB#093 p188 identifies BH00245; the quotation and local English wording were compared directly, including translation variants and omissions.","BH00245"
"2909f6b1338e687c3de3acb3","differences in human capacity","subject_extracts/Evernote_scrape/differences in human capacity.txt","25","53","confirmed","Catalogue reference PT#46:6-7 p152 identifies ABU0462; the quotation and local English wording were compared directly, including translation variants and omissions.","","The law of order must always obtain in the world of humanity. Heaven has so decreed in the creation of man. Some are full of intelligence, others have an ordinary amount of it, and others again are devoid of intellect. In these three classes of men there is order but not equality.... Degrees are absolutely necessary to ensure an orderly organization.","PT#46:6-7 p152","ABU0462: 2","ABU0462","2","use Reference","confirmed","ABU0462","2","Catalogue reference PT#46:6-7 p152 identifies ABU0462; the quotation and local English wording were compared directly, including translation variants and omissions.","ABU0462"
"0f4c72cd30015d21fff12cc1","divine attributes are within all things; every atom","subject_extracts/Evernote_scrape/divine attributes are within all things; every atom.txt","7","17","confirmed","Catalogue reference GWB#093 p189 identifies BH00245; the quotation and local English wording were compared directly, including translation variants and omissions.","","He is really a believer in the Unity of God (tawhid) who recognizeth in each and every created thing the sign of the revelation of Him Who is the Eternal Truth, and not he who maintaineth that the creature is indistinguishable from the Creator.","GWB#093 p189","BH00245: 22","BH00245","22","use Reference","confirmed","BH00245","22","Catalogue reference GWB#093 p189 identifies BH00245; the quotation and local English wording were compared directly, including translation variants and omissions.","BH00245"
"457f138cae8f534c5d76a0ae","divine attributes are within all things; every atom","subject_extracts/Evernote_scrape/divine attributes are within all things; every atom.txt","15","33","confirmed","GWB 84 wording is in BH00586 paragraph 6, despite the catalogue association with BH00413.","","The whole universe reflecteth His glory, while He is Himself independent of, and transcendeth His creatures.... He Who is the Eternal Truth is the one Power Who exerciseth undisputed sovereignty over the world of being, Whose image is reflected in the mirror of the entire creation.","GWB#084 p166","BH00586: 6","BH00586","6","use Reference","confirmed","BH00586","6","GWB 84 wording is in BH00586 paragraph 6, despite the catalogue association with BH00413.","BH00413"
"083ffca027f7021929a4e20f","divine attributes are within all things; every atom","subject_extracts/Evernote_scrape/divine attributes are within all things; every atom.txt","16","35","confirmed","Catalogue reference GWB#093 p184 identifies BH00245; the quotation and local English wording were compared directly, including translation variants and omissions.","","...each and every created thing hath, through the act of the Divine Will, been made a sign of His glory. So pervasive and general is this revelation that nothing whatsoever in the whole universe can be discovered that doth not reflect His splendor.","GWB#093 p184","BH00245: 3","BH00245","3","use Reference","confirmed","BH00245","3","Catalogue reference GWB#093 p184 identifies BH00245; the quotation and local English wording were compared directly, including translation variants and omissions.","BH00245"
"356a551b4bd055e16b363e92","divine attributes are within all things; every atom","subject_extracts/Evernote_scrape/divine attributes are within all things; every atom.txt","56","118","confirmed","Catalogue reference GWB#153 p324-325 identifies BH00249; the quotation and local English wording were compared directly, including translation variants and omissions.","","Were ye to be fair in your judgment, ye would readily recognize how the realities of all created things are inebriated with the joy of this new and wondrous Revelation, how all the atoms of the earth have been illuminated through the brightness of its glory.... the revelations of My grace and bounty have permeated every atom of the universe...","GWB#153 p324-325","BH00249: 15, 17","BH00249","15, 17","use Reference","confirmed","BH00249","15, 17","Catalogue reference GWB#153 p324-325 identifies BH00249; the quotation and local English wording were compared directly, including translation variants and omissions.","BH00249"
"dfb651eed9344662fe1d0c74","divine unity [tawhid] and degrees of unity","subject_extracts/Evernote_scrape/divine unity [tawhid] and degrees of unity.txt","5","13","confirmed","The complete GWB 84 passage is in BH00586 paragraph 6. The catalogue Translation field instead associates GWB 84 with BH00413; that record does not contain this passage.","","Regard thou the one true God as One Who is apart from, and immeasurably exalted above, all created things. The whole universe reflecteth His glory, while He is Himself independent of, and transcendeth His creatures. This is the true meaning of Divine unity (tawhid).","GWB#084 p166","BH00586: 6","BH00586","6","use Reference","confirmed","BH00586","6","The complete GWB 84 passage is in BH00586 paragraph 6. The catalogue Translation field instead associates GWB 84 with BH00413; that record does not contain this passage.","BH00413"
"3df59cdffcc35395ffcfcef1","divine unity [tawhid] and degrees of unity","subject_extracts/Evernote_scrape/divine unity [tawhid] and degrees of unity.txt","6","15","confirmed","Catalogue reference GWB#093 p187 identifies BH00245; the quotation and local English wording were compared directly, including translation variants and omissions.","","He, verily, is one and indivisible; one in His essence, one in His attributes. Everything besides Him is as nothing when brought face to face with the resplendent revelation of but one of His names, with no more than the faintest intimation of His glory - how much less when confronted with His own Self!","GWB#093 p187","BH00245: 18","BH00245","18","use Reference","confirmed","BH00245","18","Catalogue reference GWB#093 p187 identifies BH00245; the quotation and local English wording were compared directly, including translation variants and omissions.","BH00245"
"65f27dc2fb17eee4232c1980","divine unity [tawhid] and degrees of unity","subject_extracts/Evernote_scrape/divine unity [tawhid] and degrees of unity.txt","10","23","confirmed","GWB 84 wording is in BH00586 paragraph 6, despite the catalogue association with BH00413.","","...The whole universe reflecteth His glory, while He is Himself independent of, and transcendeth His creatures. This is the true meaning of Divine unity (tawhid). He Who is the Eternal Truth is the one Power Who exerciseth undisputed sovereignty over the world of being, Whose image is reflected in the mirror of the entire creation. All existence is dependent upon Him, and from Him is derived the source of the sustenance of all things. This is what is meant by Divine unity (tawhid); this is its fundamental principle.... He is a true believer in Divine unity (tawhid) who, far from confusing duality with oneness, refuseth to allow any notion of multiplicity to becloud his conception of the singleness of God.... The essence of belief in Divine unity (tawhid) consisteth in regarding Him Who is the Manifestation of God and Him Who is the invisible, the inaccessible, the unknowable Essence as one and the same.","GWB#084 p166-167","BH00586: 6","BH00586","6","use Reference","confirmed","BH00586","6","GWB 84 wording is in BH00586 paragraph 6, despite the catalogue association with BH00413.","BH00413"
"a3e55f24e5d2209578954cfe","divine unity [tawhid] and degrees of unity","subject_extracts/Evernote_scrape/divine unity [tawhid] and degrees of unity.txt","11","25","confirmed","Catalogue reference GWB#093 p187 identifies BH00245; the quotation and local English wording were compared directly, including translation variants and omissions.","","...certain foolish ones ..., after having ascended into the heavens of their idle fancies, have interpreted Divine Unity (tawhid) to mean that all created things are the signs of God, and that, consequently, there is no distinction whatsoever between them. Some have even outstripped them by maintaining that these signs are peers and partners of God Himself. Gracious God!","GWB#093 p187","BH00245: 18","BH00245","18","use Reference","confirmed","BH00245","18","Catalogue reference GWB#093 p187 identifies BH00245; the quotation and local English wording were compared directly, including translation variants and omissions.","BH00245"
"3f1cbe3c5a8530d9ef234297","divine unity [tawhid] and degrees of unity","subject_extracts/Evernote_scrape/divine unity [tawhid] and degrees of unity.txt","12","27","confirmed","Catalogue reference GWB#093 p189 identifies BH00245; the quotation and local English wording were compared directly, including translation variants and omissions.","","He is really a believer in the Unity of God (tawhid) who recognizeth in each and every created thing the sign of the revelation of Him Who is the Eternal Truth, and not he who maintaineth that the creature is indistinguishable from the Creator.","GWB#093 p189","BH00245: 22","BH00245","22","use Reference","confirmed","BH00245","22","Catalogue reference GWB#093 p189 identifies BH00245; the quotation and local English wording were compared directly, including translation variants and omissions.","BH00245"
"1223f664f5644847d1d50718","divine unity [tawhid] and degrees of unity","subject_extracts/Evernote_scrape/divine unity [tawhid] and degrees of unity.txt","13","29","confirmed","Catalogue reference GWB#124 p261 identifies BH00210; the quotation and local English wording were compared directly, including translation variants and omissions.","","How wondrous is the unity (tawhid) of the Living, the Ever-Abiding God - a unity which is exalted above all limitations, that transcendeth the comprehension (irfan) of all created things!","GWB#124 p261","BH00210: 2","BH00210","2","use Reference","confirmed","BH00210","2","Catalogue reference GWB#124 p261 identifies BH00210; the quotation and local English wording were compared directly, including translation variants and omissions.","BH00210"
"2d6ea2f92129a329658b0073","education of children; moral education","subject_extracts/Evernote_scrape/education of children; moral education.txt","4","14","confirmed","Catalogue reference SWAB#111 p137, Ruhi3.3.5 identifies AB00251; the quotation and local English wording were compared directly, including translation variants and omissions.","","...the children's school must be a place of utmost discipline and order, that instruction must be thorough, and provision must be made for the rectification and refinement of character; so that, in his earliest years, within the very essence of the child, the divine foundation will be laid and the structure of holiness raised up.","SWAB#111 p137, Ruhi3.3.5","AB00251: 5","AB00251","5","use Reference","confirmed","AB00251","5","Catalogue reference SWAB#111 p137, Ruhi3.3.5 identifies AB00251; the quotation and local English wording were compared directly, including translation variants and omissions.","AB00251"
"c40130458648db58a04363ee","effort; striving","subject_extracts/Evernote_scrape/effort; striving.txt","1","5","confirmed","Catalogue reference COC#560, COC#770, Ruhi2.3.12 (Baha'u'llah) identifies BH09996; the quotation and local English wording were compared directly, including translation variants and omissions.","","Strain every nerve to acquire both inner and outer perfections, for the fruit of the human tree hath ever been and will ever be perfections both within and without. It is not desirable that a man be left without knowledge or skills, for he is then but a barren tree. Then, so much as capacity and capability allow, ye needs must deck the tree of being with fruits such as knowledge, wisdom, spiritual perception and eloquent speech.","COC#560, COC#770, Ruhi2.3.12 (Baha'u'llah)","BH09996: 2","BH09996","2","use Reference","confirmed","BH09996","2","Catalogue reference COC#560, COC#770, Ruhi2.3.12 (Baha'u'llah) identifies BH09996; the quotation and local English wording were compared directly, including translation variants and omissions.","BH09996"
"374d5d251f51d8a9c9f630fd","equality of men and women","subject_extracts/Evernote_scrape/equality of men and women.txt","1","5","confirmed","Catalogue reference PT#50:2 p161 identifies ABU1437; the quotation and local English wording were compared directly, including translation variants and omissions.","","God has created all creatures in couples. Man, beast, or vegetable, all the things of these three kingdoms are of two sexes, and there is absolute equality between them.","PT#50:2 p161","ABU1437: 2","ABU1437","2","use Reference","confirmed","ABU1437","2","Catalogue reference PT#50:2 p161 identifies ABU1437; the quotation and local English wording were compared directly, including translation variants and omissions.","ABU1437"
"b6e41a26e80e09149b219562","equality of men and women","subject_extracts/Evernote_scrape/equality of men and women.txt","18","39","unmatched","PT 50 identifies ABU1437. Paragraphs 3–5 discuss women's progress, learning, equality and virtues, but this local version omits much of the longer PT quotation (including tenderness and intuition). These are contextual leads, not a complete quotation match.","","In the world of humanity we find a great difference; the female sex is treated as though inferior, and is not allowed equal rights and privileges. This condition is due not to nature, but to education. In the Divine Creation there is no such distinction. Neither sex is superior to the other in the sight of God. Why then should one sex assert the inferiority of the other, withholding just rights and privileges as though God had given His authority for such a course of action? If women received the same educational advantages as those of men, the result would demonstrate the equality of capacity of both for scholarship. In some respects woman is superior to man. She is more tender-hearted, more receptive, her intuition is more intense. It is not to be denied that in various directions woman at present is more backward than man, also that this temporary inferiority is due to the lack of educational opportunity.","PT#50.05-07 p161","ABU1437: 3,4,5 (0)","","","use Reference","needs review","","","PT 50 identifies ABU1437. Paragraphs 3–5 discuss women's progress, learning, equality and virtues, but this local version omits much of the longer PT quotation (including tenderness and intuition). These are contextual leads, not a complete quotation match.","ABU1437"
"436fbd823c0f1afc61ca4bd3","essential vs. actional attributes of God","subject_extracts/Evernote_scrape/essential vs. actional attributes of God.txt","14","34","confirmed","Quotation matches GWB 93 in BH00245, paragraph 10; the supplied GWB 83 reference is inconsistent with the wording.","","It should be remembered in this connection that the one true God is in Himself exalted beyond and above proximity and remoteness. His reality transcendeth such limitations. His relationship to His creatures knoweth no degrees. That some are near and others are far is to be ascribed to the manifestations themselves.","GWB#083 p185-186","BH00245: 10","BH00245","10","use Reference","confirmed","BH00245","10","Quotation matches GWB 93 in BH00245, paragraph 10; the supplied GWB 83 reference is inconsistent with the wording.","BH00210"
"9aa481002c10f8b208c0767b","essential vs. actional attributes of God","subject_extracts/Evernote_scrape/essential vs. actional attributes of God.txt","42","99","confirmed","GWB 84 wording is in BH00586 paragraph 6, despite the catalogue association with BH00413.","","He is a true believer in Divine unity who, far from confusing duality with oneness, refuseth to allow any notion of multiplicity to becloud his conception of the singleness of God, who will regard the Divine Being as One Who, by His very nature, transcendeth the limitations of numbers.","GWB#084 p166-167","BH00586: 6","BH00586","6","use Reference","confirmed","BH00586","6","GWB 84 wording is in BH00586 paragraph 6, despite the catalogue association with BH00413.","BH00413"
"6499429646aafe4bfd229059","essential vs. actional attributes of God","subject_extracts/Evernote_scrape/essential vs. actional attributes of God.txt","48","111","confirmed","Catalogue reference GWB#093 p184 identifies BH00245; the quotation and local English wording were compared directly, including translation variants and omissions.","","Know thou that every created thing is a sign of the revelation of God. Each, according to its capacity, is, and will ever remain, a token of the Almighty.... ...each and every created thing hath, through the act of the Divine Will, been made a sign of His glory. So pervasive and general is this revelation that nothing whatsoever in the whole universe can be discovered that doth not reflect His splendor. Under such conditions every consideration of proximity and remoteness is obliterated.","GWB#093 p184","BH00245: 3","BH00245","3","use Reference","confirmed","BH00245","3","Catalogue reference GWB#093 p184 identifies BH00245; the quotation and local English wording were compared directly, including translation variants and omissions.","BH00245"
"21fe6d22f625ed690ce9fac1","fire and light; fire and water","subject_extracts/Evernote_scrape/fire and light; fire and water.txt","4","11","confirmed","Catalogue reference GWB#142 p308 identifies BH01231; the quotation and local English wording were compared directly, including translation variants and omissions.","","The living waters of My mercy, O 'Ali, are fast pouring down, and Mine heart is melting with the heat of My tenderness and love.","GWB#142 p308","BH01231: 4","BH01231","4","use Reference","confirmed","BH01231","4","Catalogue reference GWB#142 p308 identifies BH01231; the quotation and local English wording were compared directly, including translation variants and omissions.","BH01231"
"062315542afc437ea105c5b9","forces of light and darkness; integration and disintegration","subject_extracts/Evernote_scrape/forces of light and darkness; integration and disintegration.txt","12","30","confirmed","Catalogue reference GWB#100 p204 identifies BH00718; the quotation and local English wording were compared directly, including translation variants and omissions.","","Observe equity (insaf) in your judgement, ye men of understanding heart! He that is unjust (insaf) in his judgment is destitute of the characteristics which distinguish man's station.","GWB#100 p204","BH00718: 12","BH00718","12","use Reference","confirmed","BH00718","12","Catalogue reference GWB#100 p204 identifies BH00718; the quotation and local English wording were compared directly, including translation variants and omissions.","BH00718"
"042420908c65cf430a1cab7e","forgiveness; a sin-covering eye; patience and forbearance","subject_extracts/Evernote_scrape/forgiveness; a sin-covering eye; patience and forbearance.txt","16","41","confirmed","Catalogue reference GWB#115 p242, GWB#115 p243 identifies BH00513; the quotation and local English wording were compared directly, including translation variants and omissions.","","It behoveth, likewise, the loved ones of God to be forbearing towards their fellow-men, and to be so sanctified and detached from all things, and to evince such sincerity and fairness, that all the peoples of the earth may recognize them as the trustees of God amongst men.... Relect a while, and consider how they who are the loved ones of God must conduct themselves, and to what heights they must soar.","GWB#115 p242, GWB#115 p243","BH00513: 7, 9","BH00513","7, 9","use Reference","confirmed","BH00513","7, 9","Catalogue reference GWB#115 p242, GWB#115 p243 identifies BH00513; the quotation and local English wording were compared directly, including translation variants and omissions.","BH00513"
"1ea508c1c1ae84b8bc16e60e","four elements","subject_extracts/Evernote_scrape/four elements.txt","9","24","confirmed","Catalogue reference GWB#152 p322-323 identifies BH00249; the quotation and local English wording were compared directly, including translation variants and omissions.","","O My servants! Be as resigned and submissive as the earth, that from the soil of your being there may blossom the fragrant, the holy and multicolored hyacinths of My knowledge. Be ablaze as the fire, that ye may burn away the veils of heedlessness and set aglow, through the quickening energies of the love of God, the chilled and wayward heart. Be light and untrammeled as the breeze, that ye may obtain admittance into the precincts of My court, My inviolable Sanctuary.","GWB#152 p322-323","BH00249: 11","BH00249","11","use Reference","confirmed","BH00249","11","Catalogue reference GWB#152 p322-323 identifies BH00249; the quotation and local English wording were compared directly, including translation variants and omissions.","BH00249"
"bbb764cd2da6df8570fbc390","four; five pathways of love","subject_extracts/Evernote_scrape/four; five pathways of love.txt","37","83","confirmed","The PT 1 excerpt is preserved separately in ABU2032 paragraph 1, rather than in the catalogue-linked ABU0653.","","If I love you, I need not continually speak of my love -- you will know without any words. On the other hand if I love you not, that also will you know -- and you would not believe me, were I to tell you in a thousand words, that I loved you.","PT#01:13 p017, Ruhi6.1.27","ABU2032: 1","ABU2032","1","use Reference","confirmed","ABU2032","1","The PT 1 excerpt is preserved separately in ABU2032 paragraph 1, rather than in the catalogue-linked ABU0653.","ABU0653"
"ab59a85e1bf1f452c12afddc","free will and predestination; fate","subject_extracts/Evernote_scrape/free will and predestination; fate.txt","16","38","confirmed","Catalogue reference PT#11:6 p042 identifies ABU0439; the quotation and local English wording were compared directly, including translation variants and omissions.","","Man alone has freedom, and, by his understanding or intellect, has been able to gain control of and adapt some of those natural laws to his own needs.","PT#11:6 p042","ABU0439: 4, 5","ABU0439","4, 5","use Reference","confirmed","ABU0439","4, 5","Catalogue reference PT#11:6 p042 identifies ABU0439; the quotation and local English wording were compared directly, including translation variants and omissions.","ABU0439"
"149cea57af840d38ef2817ca","genuine love and affection in teaching the Cause","subject_extracts/Evernote_scrape/genuine love and affection in teaching the Cause.txt","1","5","confirmed","The PT 1 excerpt is preserved separately in ABU2032 paragraph 1, rather than in the catalogue-linked ABU0653.","","If I love you, I need not continually speak of my love -- you will know without any words. On the other hand if I love you not, that also will you know -- and you would not believe me, were I to tell you in a thousand words, that I loved you.","PT#01:13 p017, Ruhi6.1.27","ABU2032: 1","ABU2032","1","use Reference","confirmed","ABU2032","1","The PT 1 excerpt is preserved separately in ABU2032 paragraph 1, rather than in the catalogue-linked ABU0653.","ABU0653"
"54c67c55b7f07e64c95d3d86","goodly deeds; actions","subject_extracts/Evernote_scrape/goodly deeds; actions.txt","16","38","confirmed","Catalogue reference GWB#128 p275-276 identifies BH00144; the quotation and local English wording were compared directly, including translation variants and omissions.","","Say: Should your conduct, O people, contradict your professions, how think ye, then, to be able to distinguish yourselves from them who, though professing their faith in the Lord their God, have, as soon as He came unto them in the cloud of holiness, refused to acknowledge Him, and repudiated His truth?","GWB#128 p275-276","BH00144: 17","BH00144","17","use Reference","confirmed","BH00144","17","Catalogue reference GWB#128 p275-276 identifies BH00144; the quotation and local English wording were compared directly, including translation variants and omissions.","BH00144"
"6be2a29b6cbadc2643d4981a","goodly deeds; actions","subject_extracts/Evernote_scrape/goodly deeds; actions.txt","17","40","confirmed","Catalogue reference GWB#131 p287 identifies BH00674; the quotation and local English wording were compared directly, including translation variants and omissions.","","One righteous act is endowed with a potency that can so elevate the dust as to cause it to pass beyond the heaven of heavens. It can tear every bond asunder, and hath the power to restore the force that hath spent itself and vanished....","GWB#131 p287","BH00674: 7","BH00674","7","use Reference","confirmed","BH00674","7","Catalogue reference GWB#131 p287 identifies BH00674; the quotation and local English wording were compared directly, including translation variants and omissions.","BH00674"
"eb48a8f4e2a891ccf5f04c87","goodly deeds; actions","subject_extracts/Evernote_scrape/goodly deeds; actions.txt","18","42","confirmed","Catalogue reference GWB#131 p287, ADJ#039 p024, Ruhi6.2.19 identifies BH00674; the quotation and local English wording were compared directly, including translation variants and omissions.","","That which can ensure the victory of Him Who is the Eternal Truth, His hosts and helpers on earth, have been set down in the sacred Books and Scriptures, and are as clear and manifest as the sun. These hosts are such righteous deeds, such conduct and character, as are acceptable in His sight. Whoso ariseth, in this Day, to aid Our Cause, and summoneth to his assistance the hosts of a praiseworthy character and upright conduct, the influence flowing from such an action will, most certainly, be diffused throughout the whole world.","GWB#131 p287, ADJ#039 p024, Ruhi6.2.19","BH00674: 10","BH00674","10","use Reference","confirmed","BH00674","10","Catalogue reference GWB#131 p287, ADJ#039 p024, Ruhi6.2.19 identifies BH00674; the quotation and local English wording were compared directly, including translation variants and omissions.","BH00674"
"4c471fefbcb8c7411ba3c500","goodly deeds; actions","subject_extracts/Evernote_scrape/goodly deeds; actions.txt","25","56","confirmed","The PT 1 excerpt is preserved separately in ABU2032 paragraph 1, rather than in the catalogue-linked ABU0653.","","The wrong in the world continues to exist just because people talk only of their ideals, and do not strive to put them into practice. If actions took the place of words, the world's misery would very soon be changed into comfort.","PT#01:10 p016","ABU2032: 1","ABU2032","1","use Reference","confirmed","ABU2032","1","The PT 1 excerpt is preserved separately in ABU2032 paragraph 1, rather than in the catalogue-linked ABU0653.","ABU0653"
"536bb468c940c18b4471f4ae","goodly deeds; actions","subject_extracts/Evernote_scrape/goodly deeds; actions.txt","26","58","confirmed","Catalogue reference PT#01:7 p015, Ruhi1.1.5 (last sentence) identifies ABU0653; the quotation and local English wording were compared directly, including translation variants and omissions.","","Put into practice the Teaching of Baha'u'llah, that of kindness to all nations. Do not be content with showing friendship in words alone, let your heart burn with loving kindness for all who may cross your path.","PT#01:7 p015, Ruhi1.1.5 (last sentence)","ABU0653: 3","ABU0653","3","use Reference","confirmed","ABU0653","3","Catalogue reference PT#01:7 p015, Ruhi1.1.5 (last sentence) identifies ABU0653; the quotation and local English wording were compared directly, including translation variants and omissions.","ABU0653"
"830ce8c8c1db9b81bd933eaf","greatness and influence of the Cause; of this Day","subject_extracts/Evernote_scrape/greatness and influence of the Cause; of this Day.txt","16","35","confirmed","Catalogue reference GWB#096 p197 identifies BH02699; the quotation and local English wording were compared directly, including translation variants and omissions.","","Should the greatness of this Day be revealed in its fullness, every man would forsake a myriad lives in his longing to partake, though it be for one moment, of its great glory--how much more this world and its corruptible treasures!","GWB#096 p197","BH02699: 6","BH02699","6","use Reference","confirmed","BH02699","6","Catalogue reference GWB#096 p197 identifies BH02699; the quotation and local English wording were compared directly, including translation variants and omissions.","BH02699"
"9211f5d1a9091138b7889568","greatness and influence of the Cause; of this Day","subject_extracts/Evernote_scrape/greatness and influence of the Cause; of this Day.txt","19","41","confirmed","Catalogue reference GWB#115 p245 identifies BH00513; the quotation and local English wording were compared directly, including translation variants and omissions.","","By the righteousness of Mine own Self! Great, immeasurably great is this Cause! Mighty, inconceivably mighty is this Day!","GWB#115 p245","BH00513: 11","BH00513","11","use Reference","confirmed","BH00513","11","Catalogue reference GWB#115 p245 identifies BH00513; the quotation and local English wording were compared directly, including translation variants and omissions.","BH00513"
"50f157f7a571feb253e5e967","greatness and influence of the Cause; of this Day","subject_extracts/Evernote_scrape/greatness and influence of the Cause; of this Day.txt","20","43","confirmed","Catalogue reference GWB#124 p263 identifies BH00210; the quotation and local English wording were compared directly, including translation variants and omissions.","","Invested though each day may be with its pre-ordained share of God's wondrous grace, the Days immediately associated with the Manifestation of God possess a unique distinction and occupy a station which no mind can ever comprehend. Such is the virtue infused into them that if the hearts of all that dwell in the heavens and the earth were, in those days of everlasting delight, to be brought face to face with that Day Star of unfading glory and attuned to His Will, each would find itself exalted above all earthly things, radiant with His light, and sanctified through His grace.","GWB#124 p263","BH00210: 3","BH00210","3","use Reference","confirmed","BH00210","3","Catalogue reference GWB#124 p263 identifies BH00210; the quotation and local English wording were compared directly, including translation variants and omissions.","BH00210"
"c6a037a0a57e23e379f4bbd8","greatness and influence of the Cause; of this Day","subject_extracts/Evernote_scrape/greatness and influence of the Cause; of this Day.txt","21","45","confirmed","Catalogue reference GWB#149 p319 identifies BH00822; the quotation and local English wording were compared directly, including translation variants and omissions.","","Should any man, in this Day, arise and, with absolute detachment from all that is in the heavens and all that is on the earth, set his affections on Him Who is the Day Spring of God's holy Revelation, he will, verily, be empowered to subdue all created things, through the potency of one of the Names of the Lord, his God, the All-Knowing, the All-Wise. Know thou of a certainty that the Day Star of Truth hath, in this Day, shed upon the world a radiance, the like of which bygone ages have never witnessed. Let the light of His glory, O people, shine upon you, and be not of the negligent.","GWB#149 p319","BH00822: 18","BH00822","18","use Reference","confirmed","BH00822","18","Catalogue reference GWB#149 p319 identifies BH00822; the quotation and local English wording were compared directly, including translation variants and omissions.","BH00822"
"987bdd44b2cfa9b12bda1200","greatness and influence of the Cause; of this Day","subject_extracts/Evernote_scrape/greatness and influence of the Cause; of this Day.txt","33","69","confirmed","Catalogue reference GWB#012 p017, ADJ#042, Ruhi3a.L18 identifies BH00195; the quotation and local English wording were compared directly, including translation variants and omissions.","","Bestir yourselves, O people, in anticipation of the days of Divine justice, for the promised hour is now come. Beware lest ye fail to apprehend its import and be accounted among the erring.","GWB#012 p017, ADJ#042, Ruhi3a.L18","BH00195: 24","BH00195","24","use Reference","confirmed","BH00195","24","Catalogue reference GWB#012 p017, ADJ#042, Ruhi3a.L18 identifies BH00195; the quotation and local English wording were compared directly, including translation variants and omissions.","BH00195"
"bbce6f7601b7512cd38224c9","greed; envy; covetousness; attachment to the world","subject_extracts/Evernote_scrape/greed; envy; covetousness; attachment to the world.txt","8","19","confirmed","Catalogue reference GWB#153 p327, Ruhi1.3.9 identifies BH00249; the quotation and local English wording were compared directly, including translation variants and omissions.","","Ye are even as the bird which soareth, with the full force of its mighty wings and with complete and joyous confidence, through the immensity of the heavens, until, impelled to satisfy its hunger, it turneth longingly to the water and clay of the earth below it, and, having been entrapped in the mesh of its desire, findeth itself impotent to resume its flight to the realms whence it came. Powerless to shake off the burden weighing on its sullied wings, that bird, hitherto an inmate of the heavens, is now forced to seek a dwelling-place upon the dust. Wherefore, O My servants, defile not your wings with the clay of waywardness and vain desires, and suffer them not to be stained with the dust of envy and hate, that ye may not be hindered from soaring in the heavens of My divine knowledge.","GWB#153 p327, Ruhi1.3.9","BH00249: 23","BH00249","23","use Reference","confirmed","BH00249","23","Catalogue reference GWB#153 p327, Ruhi1.3.9 identifies BH00249; the quotation and local English wording were compared directly, including translation variants and omissions.","BH00249"
"9f9947280e9efe3b70f173be","growth and progress is gradual and according to capacity","subject_extracts/Evernote_scrape/growth and progress is gradual and according to capacity.txt","3","9","confirmed","Catalogue reference GWB#093 p184 identifies BH00245; the quotation and local English wording were compared directly, including translation variants and omissions.","","Know thou that every created thing is a sign of the revelation of God. Each, according to its capacity, is, and will ever remain, a token of the Almighty.... ...each and every created thing hath, through the act of the Divine Will, been made a sign of His glory. So pervasive and general is this revelation that nothing whatsoever in the whole universe can be discovered that doth not reflect His splendor. Under such conditions every consideration of proximity and remoteness is obliterated.","GWB#093 p184","BH00245: 3","BH00245","3","use Reference","confirmed","BH00245","3","Catalogue reference GWB#093 p184 identifies BH00245; the quotation and local English wording were compared directly, including translation variants and omissions.","BH00245"
"60caa34a1399c9b66a988760","growth and progress is gradual and according to capacity","subject_extracts/Evernote_scrape/growth and progress is gradual and according to capacity.txt","4","11","confirmed","Catalogue reference GWB#093 p189 identifies BH00245; the quotation and local English wording were compared directly, including translation variants and omissions.","","It should be borne in mind, however, that when the light of My Name, the All-Pervading, hath shed its radiance upon the universe, each and every created thing hath, according to a fixed decree, been endowed with the capacity to exercise a particular influence, and been made to possess a distinct virtue.","GWB#093 p189","BH00245: 21","BH00245","21","use Reference","confirmed","BH00245","21","Catalogue reference GWB#093 p189 identifies BH00245; the quotation and local English wording were compared directly, including translation variants and omissions.","BH00245"
"130c01794673069ad27b33cf","health and healing; material and spiritual healing","subject_extracts/Evernote_scrape/health and healing; material and spiritual healing.txt","7","20","confirmed","Catalogue reference SWAB#027 p057 identifies AB00305; the quotation and local English wording were compared directly, including translation variants and omissions.","","...before illness striketh, haste thou to healing - that thou mayest become a physician of the spirit who, with the breaths of the Holy Spirit, healeth all manner of sickness in this famed and glorious age.","SWAB#027 p057","AB00305: 5","AB00305","5","use Reference","confirmed","AB00305","5","Catalogue reference SWAB#027 p057 identifies AB00305; the quotation and local English wording were compared directly, including translation variants and omissions.","AB00305"
"0e5bd1835ee638ce0322369d","high station of learning","subject_extracts/Evernote_scrape/high station of learning.txt","6","27","confirmed","The complete quotation is in BH00419 paragraph 4. COC 577 is catalogued against BH03018, which does not contain this passage.","","Blessed is that teacher who remaineth faithful to the Covenant of God, and occupieth himself with the education of children. For him hath the Supreme Pen inscribed that reward which is revealed in the Most Holy Book. Blessed, blessed is he!","COC#577 (Baha'u'llah)","BH00419: 4","BH00419","4","use Reference","confirmed","BH00419","4","The complete quotation is in BH00419 paragraph 4. COC 577 is catalogued against BH03018, which does not contain this passage.","BH03018"
"76c62f52416a35c47d516117","high station of the arts and sciences","subject_extracts/Evernote_scrape/high station of the arts and sciences.txt","20","43","confirmed","Catalogue reference PT#11:1 p041 identifies ABU0439; the quotation and local English wording were compared directly, including translation variants and omissions.","","God's greatest gift to man is that of intellect, or understanding.... Intellect is, in truth, the most precious gift bestowed upon man by the Divine Bounty. Man alone, among created beings, has this wonderful power.","PT#11:1 p041","ABU0439: 2, 5","ABU0439","2, 5","use Reference","confirmed","ABU0439","2, 5","Catalogue reference PT#11:1 p041 identifies ABU0439; the quotation and local English wording were compared directly, including translation variants and omissions.","ABU0439"
"10b008bf80517b37d2166402","high station of the true believer","subject_extracts/Evernote_scrape/high station of the true believer.txt","3","9","confirmed","Catalogue reference GWB#093 p190 identifies BH00245; the quotation and local English wording were compared directly, including translation variants and omissions.","","If the veil were lifted, and the full glory of the station of those that have turned wholly towards God, and have, in their love for Him, renounced the world, were made manifest, the entire creation would be dumbfounded.","GWB#093 p190","BH00245: 23","BH00245","23","use Reference","confirmed","BH00245","23","Catalogue reference GWB#093 p190 identifies BH00245; the quotation and local English wording were compared directly, including translation variants and omissions.","BH00245"
"daba312ccaa2937a9d0243a1","high station of the true believer","subject_extracts/Evernote_scrape/high station of the true believer.txt","5","13","confirmed","Catalogue reference GWB#109 p214 identifies BH00407; the quotation and local English wording were compared directly, including translation variants and omissions.","","The heights which, through the most gracious favor of God, mortal man can attain, in this Day, are as yet unrevealed to his sight. The world of being hath never had, nor doth it yet possess the capacity for such a revelation. The day, however, is approaching when the potentialities of so great a favor will, by virtue of His behest, be manifested unto men.","GWB#109 p214","BH00407: 10","BH00407","10","use Reference","confirmed","BH00407","10","Catalogue reference GWB#109 p214 identifies BH00407; the quotation and local English wording were compared directly, including translation variants and omissions.","BH00407"
"589659e48f473350f69a0ee7","high station of the true believer","subject_extracts/Evernote_scrape/high station of the true believer.txt","8","19","confirmed","Catalogue reference GWB#096 p196 identifies BH02699; the quotation and local English wording were compared directly, including translation variants and omissions.","","O friends! Be not careless of the virtues with which ye have been endowed, neither be neglectful of your high destiny.... Ye are the stars of the heaven of understanding, the breeze that stirreth at the break of day, the soft-flowing waters upon which must depend the very life of all men, the letters inscribed upon His sacred scroll.","GWB#096 p196","BH02699: 4","BH02699","4","use Reference","confirmed","BH02699","4","Catalogue reference GWB#096 p196 identifies BH02699; the quotation and local English wording were compared directly, including translation variants and omissions.","BH02699"
"11ee00ee178413fb3e441f3c","high station of the true believer","subject_extracts/Evernote_scrape/high station of the true believer.txt","13","32","confirmed","Catalogue reference GWB#115 p242, GWB#115 p243 identifies BH00513; the quotation and local English wording were compared directly, including translation variants and omissions.","","It behoveth, likewise, the loved ones of God to be forbearing towards their fellow-men, and to be so sanctified and detached from all things, and to evince such sincerity and fairness, that all the peoples of the earth may recognize them as the trustees of God amongst men.... Relect a while, and consider how they who are the loved ones of God must conduct themselves, and to what heights they must soar.","GWB#115 p242, GWB#115 p243","BH00513: 7, 9","BH00513","7, 9","use Reference","confirmed","BH00513","7, 9","Catalogue reference GWB#115 p242, GWB#115 p243 identifies BH00513; the quotation and local English wording were compared directly, including translation variants and omissions.","BH00513"
"7163b040f4424be2a1b11fd6","higher encompasses the lower","subject_extracts/Evernote_scrape/higher encompasses the lower.txt","18","45","confirmed","Catalogue reference SWAB#145 p169-170 identifies AB00092; the quotation and local English wording were compared directly, including translation variants and omissions.","","The spirit of man is a circumambient power that encompasseth the realities of all things...the human spirit is an all-encompassing power that exerteth its dominion over the inner essences of all created things, uncovering the well kept mysteries of the phenomenal world. The divine spirit, however, doth unveil divine realities and universal mysteries that lie within the spiritual world.","SWAB#145 p169-170","AB00092: 5","AB00092","5","use Reference","confirmed","AB00092","5","Catalogue reference SWAB#145 p169-170 identifies AB00092; the quotation and local English wording were compared directly, including translation variants and omissions.","AB00092"
"eed6db1dd59a34c298298f2d","higher encompasses the lower","subject_extracts/Evernote_scrape/higher encompasses the lower.txt","23","55","confirmed","Catalogue reference COC#578 (Abdu'l-Baha) identifies AB00787; the quotation and local English wording were compared directly, including translation variants and omissions.","","...hast chosen them out of all created things for this supernal grace, and hast caused them to encompass all things, to understand their inmost essence, and to disclose their mysteries...","COC#578 (Abdu'l-Baha)","AB00787: 1","AB00787","1","use Reference","confirmed","AB00787","1","Catalogue reference COC#578 (Abdu'l-Baha) identifies AB00787; the quotation and local English wording were compared directly, including translation variants and omissions.","AB00787"
"05d42ddc5768e51bb37b9e93","honesty; truthfulness; trustworthiness","subject_extracts/Evernote_scrape/honesty; truthfulness; trustworthiness.txt","18","42","confirmed","Catalogue reference GWB#100 p203 identifies BH00718; the quotation and local English wording were compared directly, including translation variants and omissions.","","Tell, O 'Ali, the loved ones of God that equity (insaf) is the most fundamental among human virtues. The evaluation of all things must needs depend upon it.","GWB#100 p203","BH00718: 11","BH00718","11","use Reference","confirmed","BH00718","11","Catalogue reference GWB#100 p203 identifies BH00718; the quotation and local English wording were compared directly, including translation variants and omissions.","BH00718"
"917320c8b43b497431cfe074","human soul as mirror; divine light, attributes within","subject_extracts/Evernote_scrape/human soul as mirror; divine light, attributes within.txt","53","112","confirmed","Catalogue reference GWB#093 p186 identifies BH00245; the quotation and local English wording were compared directly, including translation variants and omissions.","","Consider, moreover, how frequently doth man become forgetful of his own self, whilst God remaineth, through His all-encompassing knowledge, aware of His creature, and continueth to shed upon him the manifest radiance of His glory. It is evident, therefore, that, in such circumstances, He is closer to him than his own self. He will, indeed, so remain for ever, for, whereas the one true God knoweth all things, perceiveth all things, and comprehendeth all things, mortal man is prone to err, and is ignorant of the mysteries that lie enfolded within him....","GWB#093 p186","BH00245: 11","BH00245","11","use Reference","confirmed","BH00245","11","Catalogue reference GWB#093 p186 identifies BH00245; the quotation and local English wording were compared directly, including translation variants and omissions.","BH00245"
"08c72e8552bac1e2f2a1cf73","human soul as mirror; divine light, attributes within","subject_extracts/Evernote_scrape/human soul as mirror; divine light, attributes within.txt","79","170","confirmed","Catalogue reference GWB#093 p186 identifies BH00245; the quotation and local English wording were compared directly, including translation variants and omissions.","","That the heart (qalb) is the throne, in which the Revelation of God the All-Merciful is centered, is attested by the holy utterances which We have formerly revealed. Among them is this saying: 'Earth and heaven cannot contain Me; what can alone contain Me is the heart of him that believeth in Me, and is faithful to My Cause.'","GWB#093 p186","BH00245: 10","BH00245","10","use Reference","confirmed","BH00245","10","Catalogue reference GWB#093 p186 identifies BH00245; the quotation and local English wording were compared directly, including translation variants and omissions.","BH00245"
"6c59e990a9f098d117215038","humility; meekness; lowliness","subject_extracts/Evernote_scrape/humility; meekness; lowliness.txt","5","13","confirmed","Catalogue reference GWB#152 p322-323 identifies BH00249; the quotation and local English wording were compared directly, including translation variants and omissions.","","O My servants! Be as resigned and submissive as the earth, that from the soil of your being there may blossom the fragrant, the holy and multicolored hyacinths of My knowledge. Be ablaze as the fire, that ye may burn away the veils of heedlessness and set aglow, through the quickening energies of the love of God, the chilled and wayward heart. Be light and untrammeled as the breeze, that ye may obtain admittance into the precincts of My court, My inviolable Sanctuary.","GWB#152 p322-323","BH00249: 11","BH00249","11","use Reference","confirmed","BH00249","11","Catalogue reference GWB#152 p322-323 identifies BH00249; the quotation and local English wording were compared directly, including translation variants and omissions.","BH00249"
"9e99cd57efabba68ae277381","humility; meekness; lowliness","subject_extracts/Evernote_scrape/humility; meekness; lowliness.txt","9","21","confirmed","Catalogue reference GWB#128 p277 identifies BH00144; the quotation and local English wording were compared directly, including translation variants and omissions.","","Should such a man ever succeed in influencing any one, this success should be attributed not to him, but rather to the influence of the words of God, as decreed by Him Who is the Almighty, the All-Wise. In the sight of God he is regarded as a lamp that imparteth its light, and yet is all the while being consumed within itself.","GWB#128 p277","BH00144: 19","BH00144","19","use Reference","confirmed","BH00144","19","Catalogue reference GWB#128 p277 identifies BH00144; the quotation and local English wording were compared directly, including translation variants and omissions.","BH00144"
"cd3815f2f84470bda11e0956","identity; relationship of Manifestation of God to God","subject_extracts/Evernote_scrape/identity; relationship of Manifestation of God to God.txt","23","61","confirmed","GWB 84 wording is in BH00586 paragraph 6, despite the catalogue association with BH00413.","","The essence of belief in Divine unity (tawhid) consisteth in regarding Him Who is the Manifestation of God and Him Who is the invisible, the inaccessible, the unknowable Essence as one and the same. By this is meant that whatever pertaineth to the former, all His acts and doings, whatever He ordaineth or forbiddeth, should be considered, in all their aspects, and under all circumstances, and without any reservation, as identical with the Will of God Himself.","GWB#084 p167","BH00586: 6","BH00586","6","use Reference","confirmed","BH00586","6","GWB 84 wording is in BH00586 paragraph 6, despite the catalogue association with BH00413.","BH00413"
"d73ff0b76bda4c10696af789","immateriality; ineffability of soul; spirit","subject_extracts/Evernote_scrape/immateriality; ineffability of soul; spirit.txt","13","32","confirmed","Catalogue reference GWB#083 p165-166 identifies BH00210; the quotation and local English wording were compared directly, including translation variants and omissions.","","Having recognized thy powerlessness to attain to an adequate understanding of that Reality which abideth within thee, thou wilt readily admit the futility of such efforts ... to fathom the mystery of the Living God.... This confession of helplessness which mature contemplation must eventually impel every mind to make is in itself the acme of human understanding, and marketh the culmination of man's development.","GWB#083 p165-166","BH00210: 11","BH00210","11","use Reference","confirmed","BH00210","11","Catalogue reference GWB#083 p165-166 identifies BH00210; the quotation and local English wording were compared directly, including translation variants and omissions.","BH00210"
"4bd4c78e7fc69bfbdfb508bc","infinity and eternity","subject_extracts/Evernote_scrape/infinity and eternity.txt","31","68","confirmed","The quotation belongs to GWB 87, BH00060 paragraph 47; GWB 82 in the reference is a typo.","","His creation hath ever existed, and the Manifestations of His Divine glory and the Day Springs of eternal holiness have been sent down from time immemorial, and been commissioned to summon mankind to the one true God. That the names of some of them are forgotten and the records of their lives lost is to be attributed to the disturbances and changes that have overtaken the world.","GWB#082 p174","BH00060: 47","BH00060","47","use Reference","confirmed","BH00060","47","The quotation belongs to GWB 87, BH00060 paragraph 47; GWB 82 in the reference is a typo.","BH00328"
"2444319cd9adaa3c4986c4f8","intuition; inspiration","subject_extracts/Evernote_scrape/intuition; inspiration.txt","3","9","confirmed","Catalogue reference GWB#100 p204 identifies BH00718; the quotation and local English wording were compared directly, including translation variants and omissions.","","We have forbidden men to walk after the imaginations of their hearts, that they may be enabled to recognize Him Who is the sovereign Source and Object of all knowledge, and may acknowledge whatsoever He may be pleased to reveal.","GWB#100 p204","BH00718: 14","BH00718","14","use Reference","confirmed","BH00718","14","Catalogue reference GWB#100 p204 identifies BH00718; the quotation and local English wording were compared directly, including translation variants and omissions.","BH00718"
"488c17f03656e6e23c9ab7e8","intuition; inspiration","subject_extracts/Evernote_scrape/intuition; inspiration.txt","9","24","confirmed","Catalogue reference GWB#153 p325 identifies BH00249; the quotation and local English wording were compared directly, including translation variants and omissions.","","With ears that are sanctified from vain-glory and worldly desires hearken unto the counsels which I, in My merciful kindness, have revealed unto you, and with your inner and outer eyes contemplate the evidences of My marvelous Revelation.","GWB#153 p325","BH00249: 17","BH00249","17","use Reference","confirmed","BH00249","17","Catalogue reference GWB#153 p325 identifies BH00249; the quotation and local English wording were compared directly, including translation variants and omissions.","BH00249"
"49bb2e05db54b28dd47af6e7","justice ['adl]; social justice and divine justice","subject_extracts/Evernote_scrape/justice ['adl]; social justice and divine justice.txt","7","17","confirmed","Catalogue reference GWB#088 p175 identifies BH00195; the quotation and local English wording were compared directly, including translation variants and omissions.","","Know verily that the essence of justice and the source thereof are both embodied in the ordinances prescribed by Him Who is the Manifestation of the Self of God amongst men, if ye be of them that recognize this truth. He doth verily incarnate the highest, the infallible standard of justice unto all creation.","GWB#088 p175","BH00195: 23","BH00195","23","use Reference","confirmed","BH00195","23","Catalogue reference GWB#088 p175 identifies BH00195; the quotation and local English wording were compared directly, including translation variants and omissions.","BH00195"
"852b3e36fa0c2419ffdce4f7","justice ['adl]; social justice and divine justice","subject_extracts/Evernote_scrape/justice ['adl]; social justice and divine justice.txt","17","37","confirmed","Catalogue reference GWB#012 p017, ADJ#042, Ruhi3a.L18 identifies BH00195; the quotation and local English wording were compared directly, including translation variants and omissions.","","Bestir yourselves, O people, in anticipation of the days of Divine justice, for the promised hour is now come. Beware lest ye fail to apprehend its import and be accounted among the erring.","GWB#012 p017, ADJ#042, Ruhi3a.L18","BH00195: 24","BH00195","24","use Reference","confirmed","BH00195","24","Catalogue reference GWB#012 p017, ADJ#042, Ruhi3a.L18 identifies BH00195; the quotation and local English wording were compared directly, including translation variants and omissions.","BH00195"
"d8f53ad9685ad447e95a5f08","kindliness; humility; self-effacement in teaching the Cause","subject_extracts/Evernote_scrape/kindliness; humility; self-effacement in teaching the Cause.txt","9","21","confirmed","Catalogue reference GWB#128 p279 identifies BH00144; the quotation and local English wording were compared directly, including translation variants and omissions.","","Beware lest ye contend with any one, nay, strive to make him aware of the truth with kindly manner and most convincing exhortation. If your hearer respond, he will have responded to his own behoof, and if not, turn ye away from him, and set your faces towards God's sacred Court, the seat of resplendent holiness.","GWB#128 p279","BH00144: 22","BH00144","22","use Reference","confirmed","BH00144","22","Catalogue reference GWB#128 p279 identifies BH00144; the quotation and local English wording were compared directly, including translation variants and omissions.","BH00144"
"9342cb28827fe3bf7b8cb014","knowledge; recognition of God","subject_extracts/Evernote_scrape/knowledge; recognition of God.txt","31","71","confirmed","GWB 134 quotation is present in BH00586 paragraph 14, rather than the catalogue-linked BH00195.","","The spirit that animateth the human heart is the knowledge (ma'arifat) of God, and its truest adorning is the recognition of the truth that 'He doeth whatsoever He willeth, and ordaineth that which He pleaseth.' Its raiment is the fear of God, and its perfection steadfastness in His Faith.","GWB#134 p291","BH00586: 14","BH00586","14","use Reference","confirmed","BH00586","14","GWB 134 quotation is present in BH00586 paragraph 14, rather than the catalogue-linked BH00195.","BH00195"
"7c1bb6ea3ede73381f8b0aa6","lack of formal education of the Manifestation of God","subject_extracts/Evernote_scrape/lack of formal education of the Manifestation of God.txt","5","13","confirmed","Catalogue reference GWB#044 p099 identifies BH04596; the quotation and local English wording were compared directly, including translation variants and omissions.","","The Will of the Almighty hath decreed that out of a house wholly devoid of all that the divines, the doctors, the sages, and scholars commonly possess His Cause should proceed and be made manifest.","GWB#044 p099","BH04596: 4","BH04596","4","use Reference","confirmed","BH04596","4","Catalogue reference GWB#044 p099 identifies BH04596; the quotation and local English wording were compared directly, including translation variants and omissions.","BH04596"
"9f27311929f50567edd5693c","law of Huququ'llah","subject_extracts/Evernote_scrape/law of Huququ'llah.txt","2","7","confirmed","Catalogue reference COC#1148 (from a Tablet of Baha'u'llah) identifies BH00027; the quotation and local English wording were compared directly, including translation variants and omissions.","","The question of the Huquq dependeth on the willingness of the individuals themselves. From every true believer who is willing to tender the Right of God spontaneously and with the utmost joy and radiance, the offering is graciously acceptable, but not otherwise.","COC#1148 (from a Tablet of Baha'u'llah)","BH00027: 78","BH00027","78","use Reference","confirmed","BH00027","78","Catalogue reference COC#1148 (from a Tablet of Baha'u'llah) identifies BH00027; the quotation and local English wording were compared directly, including translation variants and omissions.","BH00027"
"621010d7f4d77e1d2bc008ea","law of Huququ'llah","subject_extracts/Evernote_scrape/law of Huququ'llah.txt","3","9","confirmed","Catalogue reference COC#1163 ('Abdu'l-Baha) identifies AB04325; the quotation and local English wording were compared directly, including translation variants and omissions.","","Thou has enquired about the Huquq. From one's annual income, all expenses during the year are deductible, and on what is left 19% is payable to the Huquq.","COC#1163 ('Abdu'l-Baha)","AB04325: 3","AB04325","3","use Reference","confirmed","AB04325","3","Catalogue reference COC#1163 ('Abdu'l-Baha) identifies AB04325; the quotation and local English wording were compared directly, including translation variants and omissions.","AB04325"
"93da66d7f47aaf86544472d2","law of cause and effect","subject_extracts/Evernote_scrape/law of cause and effect.txt","4","11","confirmed","Catalogue reference GWB#081 p157 identifies BH00433; the quotation and local English wording were compared directly, including translation variants and omissions.","","All things must needs have a cause, a motive power, an animating principle. These souls and symbols of detachment have provided, and will continue to provide, the supreme moving impulse in the world of being.","GWB#081 p157","BH00433: 16","BH00433","16","use Reference","confirmed","BH00433","16","Catalogue reference GWB#081 p157 identifies BH00433; the quotation and local English wording were compared directly, including translation variants and omissions.","BH00433"
"afcb633a35eff6e9da396a70","law of fasting","subject_extracts/Evernote_scrape/law of fasting.txt","6","15","confirmed","Catalogue reference SWAB#035 p070 identifies AB00044; the quotation and local English wording were compared directly, including translation variants and omissions.","","...this material fast is an outer token of the spiritual fast; it is a symbol of self-restraint, the withholding of oneself from all appetites of the self, taking on the characteristics of the spirit, being carried away by the breathings of heaven and catching fire from the love of God.","SWAB#035 p070","AB00044: 1","AB00044","1","use Reference","confirmed","AB00044","1","Catalogue reference SWAB#035 p070 identifies AB00044; the quotation and local English wording were compared directly, including translation variants and omissions.","AB00044"
"a42324fceb539e0734c403bf","limits of language","subject_extracts/Evernote_scrape/limits of language.txt","2","7","confirmed","Catalogue reference GWB#089 p176 (cf. Hadith of Ja'far as-Sadiq; see Resurrection and Renewal, pp. 56-57; quoted in BB00511) identifies BH00271; the quotation and local English wording were compared directly, including translation variants and omissions.","BB00511","How great the multitude of truths which the garment of words can never contain! How vast the number of such verities as no expression can adequately describe, whose significance can never be unfolded, and to which not even the remotest allusions can be made! How manifold are the truths which must remain unuttered until the appointed time is come! Even as it hath been said: ""Not everything that a man knoweth can be disclosed, nor can everything that he can disclose be regarded as timely, nor can every timely utterance be considered as suited to the capacity of those who hear it."" Of these truths some can be disclosed only to the extent of the capacity of the repositories of the light of Our knowledge..","GWB#089 p176 (cf. Hadith of Ja'far as-Sadiq; see Resurrection and Renewal, pp. 56-57; quoted in BB00511)","BH00271: 15","BH00271","15","use Reference","confirmed","BH00271","15","Catalogue reference GWB#089 p176 (cf. Hadith of Ja'far as-Sadiq; see Resurrection and Renewal, pp. 56-57; quoted in BB00511) identifies BH00271; the quotation and local English wording were compared directly, including translation variants and omissions.","BH00271"
"e21ea7a935abe4fe555a5521","limits of the intellect","subject_extracts/Evernote_scrape/limits of the intellect.txt","2","10","confirmed","Catalogue reference PT#28:7-9 p085 identifies ABU0114; the quotation and local English wording were compared directly, including translation variants and omissions.","","By the power of the Holy Spirit, working through his soul, man is able to perceive the Divine reality of things. All great works of art and science are witness to this power of the Spirit. The same Spirit gives Eternal Life. Those alone who are baptized by the Divine Spirit will be enabled to bring all peoples into the bond of unity.","PT#28:7-9 p085","ABU0114: 5","ABU0114","5","use Reference","confirmed","ABU0114","5","Catalogue reference PT#28:7-9 p085 identifies ABU0114; the quotation and local English wording were compared directly, including translation variants and omissions.","ABU0114"
"bc1d7c9cda96c893b081c00d","love and unity","subject_extracts/Evernote_scrape/love and unity.txt","10","29","confirmed","Catalogue reference COC#2032, Ruhi5.1.11 (Baha'u'llah) identifies BH00961; the quotation and local English wording were compared directly, including translation variants and omissions.","","This Wronged One testifieth that the purpose for which mortal men have, from utter nothingness, stepped into the realm of being, is that they may work for the betterment of the world and live together in concord and harmony.","COC#2032, Ruhi5.1.11 (Baha'u'llah)","BH00961: 13","BH00961","13","use Reference","confirmed","BH00961","13","Catalogue reference COC#2032, Ruhi5.1.11 (Baha'u'llah) identifies BH00961; the quotation and local English wording were compared directly, including translation variants and omissions.","BH00961"
"29a8ff3b75d0d9a80bbca6d2","love of God","subject_extracts/Evernote_scrape/love of God.txt","30","66","confirmed","Catalogue reference GWB#153 p325-326, Ruhi3.1.9 identifies BH00249; the quotation and local English wording were compared directly, including translation variants and omissions.","","Let the flame of the love of God burn brightly within your radiant hearts. Feed it with the oil of Divine guidance, and protect it within the shelter of your constancy. Guard it within the globe of trust and detachment from all else but God, so that the evil whisperings of te ungodly may not extinguish its light.","GWB#153 p325-326, Ruhi3.1.9","BH00249: 20","BH00249","20","use Reference","confirmed","BH00249","20","Catalogue reference GWB#153 p325-326, Ruhi3.1.9 identifies BH00249; the quotation and local English wording were compared directly, including translation variants and omissions.","BH00249"
"44c67c96b2a87bc81bd686e6","love of God","subject_extracts/Evernote_scrape/love of God.txt","55","116","confirmed","Catalogue reference GWB#100 p205 identifies BH00718; the quotation and local English wording were compared directly, including translation variants and omissions.","","Whoso hath known Him shall soar in the immensity of His love, and shall be detached from the world and all that is therein.... Hearken ye to the Call of this wronged One, and magnify ye the name of the one true God, and adorn yourselves with the ornament of His remembrance, and illumine your hearts with the light of His love. This is the key that unlocketh the hearts of men, the burnish that shall cleanse the souls of all beings.","GWB#100 p205","BH00718: 14, 15","BH00718","14, 15","use Reference","confirmed","BH00718","14, 15","Catalogue reference GWB#100 p205 identifies BH00718; the quotation and local English wording were compared directly, including translation variants and omissions.","BH00718"
"0e0f48f39e731534410216b1","love, unity, and fellowship among the friends; in the Cause","subject_extracts/Evernote_scrape/love, unity, and fellowship among the friends; in the Cause.txt","5","13","confirmed","Catalogue reference SWAB#054 p093 identifies AB04561; the quotation and local English wording were compared directly, including translation variants and omissions.","","...wherever the spiritually minded are gathered together, there in His beauty reigneth Baha'u'llah.","SWAB#054 p093","AB04561: 2","AB04561","2","use Reference","confirmed","AB04561","2","Catalogue reference SWAB#054 p093 identifies AB04561; the quotation and local English wording were compared directly, including translation variants and omissions.","AB04561"
"1ae2d139a6cee02aa4c9ec76","loving one's enemies; returning hatred with love","subject_extracts/Evernote_scrape/loving one's enemies; returning hatred with love.txt","5","13","confirmed","Catalogue reference PT#42:12 p140 identifies ABU0457; the quotation and local English wording were compared directly, including translation variants and omissions.","","Baha'u'llah said that we should love even our enemies and be to them as friends. If all men were obedient to this principle, the greatest unity and understanding would be established in the hearts of mankind.","PT#42:12 p140","ABU0457: 6","ABU0457","6","use Reference","confirmed","ABU0457","6","Catalogue reference PT#42:12 p140 identifies ABU0457; the quotation and local English wording were compared directly, including translation variants and omissions.","ABU0457"
"db7a302a59b404a1ac630e1f","loving one's enemies; returning hatred with love","subject_extracts/Evernote_scrape/loving one's enemies; returning hatred with love.txt","14","31","approximate","","","When a man turns his face to God he finds sunshine everywhere. All men are his brothers. Let not conventionality cause you to seem cold and unsympathetic when you meet strange people from other countries.","PT#01:1 p015","ABU0653: 1 (1)","","","use Reference","approximate","ABU0653","1","PT 1 identifies this talk; the corresponding opening paragraph concerns kindness to foreigners and avoiding cold conventionality. The local version omits the opening sunshine metaphor.","ABU0653"
"4a1ad97fb682f20161c7d7d0","maintainance of degrees in society","subject_extracts/Evernote_scrape/maintainance of degrees in society.txt","2","7","confirmed","Catalogue reference PT#46:6-7 p152 identifies ABU0462; the quotation and local English wording were compared directly, including translation variants and omissions.","","The law of order must always obtain in the world of humanity. Heaven has so decreed in the creation of man. Some are full of intelligence, others have an ordinary amount of it, and others again are devoid of intellect. In these three classes of men there is order but not equality.... Degrees are absolutely necessary to ensure an orderly organization.","PT#46:6-7 p152","ABU0462: 2","ABU0462","2","use Reference","confirmed","ABU0462","2","Catalogue reference PT#46:6-7 p152 identifies ABU0462; the quotation and local English wording were compared directly, including translation variants and omissions.","ABU0462"
"c4dc47031b5cd858dd6bb3ab","man is the sum; pinnacle; fruit of creation","subject_extracts/Evernote_scrape/man is the sum; pinnacle; fruit of creation.txt","29","64","unmatched","PT 11 identifies ABU0439. Paragraph 2 discusses comprehensive knowledge and paragraph 3 lists the kingdoms of nature, but the local version does not contain the quoted assertion that man is the sum of earlier creations. These are contextual leads only.","","Possessing this gift [intellect], he is, in himself, the sum of earlier creations - he is able to get into touch with those kingdoms","PT#11:3 p041","ABU0439: 2,3 (0)","","","use Reference","needs review","","","PT 11 identifies ABU0439. Paragraph 2 discusses comprehensive knowledge and paragraph 3 lists the kingdoms of nature, but the local version does not contain the quoted assertion that man is the sum of earlier creations. These are contextual leads only.","ABU0439"
"00dc20aa0bb0a59d0f18c527","man is the sum; pinnacle; fruit of creation","subject_extracts/Evernote_scrape/man is the sum; pinnacle; fruit of creation.txt","35","76","confirmed","Catalogue reference PT#28:6 p085 identifies ABU0114; the quotation and local English wording were compared directly, including translation variants and omissions.","","Man - the true man - is soul, not body; though physically man belongs to the animal kingdom, yet his soul lifts him above the rest of creation.","PT#28:6 p085","ABU0114: 5","ABU0114","5","use Reference","confirmed","ABU0114","5","Catalogue reference PT#28:6 p085 identifies ABU0114; the quotation and local English wording were compared directly, including translation variants and omissions.","ABU0114"
"94c528f318105dd82ac2d1f4","man's distinction from the animal","subject_extracts/Evernote_scrape/man's distinction from the animal.txt","29","64","confirmed","Catalogue reference PT#11:6 p042 identifies ABU0439; the quotation and local English wording were compared directly, including translation variants and omissions.","","Man alone has freedom, and, by his understanding or intellect, has been able to gain control of and adapt some of those natural laws to his own needs.","PT#11:6 p042","ABU0439: 4, 5","ABU0439","4, 5","use Reference","confirmed","ABU0439","4, 5","Catalogue reference PT#11:6 p042 identifies ABU0439; the quotation and local English wording were compared directly, including translation variants and omissions.","ABU0439"
"9a87647f1f2dbd5440f9d395","man's distinction from the animal","subject_extracts/Evernote_scrape/man's distinction from the animal.txt","34","74","confirmed","Catalogue reference SWAB#030 p061-062 identifies AB01382; the quotation and local English wording were compared directly, including translation variants and omissions.","","In the human world the characteristics of the mineral, vegetable and animal worlds are found and in addition that of the human kind, namely the intellectual characteristic, which discovereth the realities of things and comprehendeth universal principles.","SWAB#030 p061-062","AB01382: 4","AB01382","4","use Reference","confirmed","AB01382","4","Catalogue reference SWAB#030 p061-062 identifies AB01382; the quotation and local English wording were compared directly, including translation variants and omissions.","AB01382"
"86693bc6c76fed43f7ec0cee","man's distinction from the animal","subject_extracts/Evernote_scrape/man's distinction from the animal.txt","67","140","confirmed","Catalogue reference COC#578, Ruhi7.2.4 (Abdu'l-Baha) identifies AB00787; the quotation and local English wording were compared directly, including translation variants and omissions.","","O God, O Thou Who hast cast Thy splendour over the luminous realities of men, shedding upon them the resplendent lights of knowledge and guidance, and hast chosen them out of all created things for this supernal grace, and hast caused them to encompass all things, to understand their inmost essence, and to disclose their mysteries, bringing them forth out of darkness into the visible world!... And from amongst all creatures He hath singled out man, to grant him His most wondrous gift, and hath made him to attain the bounties of the Company on High. That most precious of gifts is attainment unto His unfailing guidance, that the inner reality of humankind should become as a niche to hold this lamp...","COC#578, Ruhi7.2.4 (Abdu'l-Baha)","AB00787: 1, 2","AB00787","1, 2","use Reference","confirmed","AB00787","1, 2","Catalogue reference COC#578, Ruhi7.2.4 (Abdu'l-Baha) identifies AB00787; the quotation and local English wording were compared directly, including translation variants and omissions.","AB00787"
"821defc5c44a005820658f44","many are called but few are chosen","subject_extracts/Evernote_scrape/many are called but few are chosen.txt","7","17","confirmed","Catalogue reference GWB#096 p195-196 identifies BH02699; the quotation and local English wording were compared directly, including translation variants and omissions.","","The Pen of the Most High is unceasingly calling; and yet, how few are those that have inclined their ear to its voice! The dwellers of the kingdom of names have busied themselves with the gay livery of the world, forgetful that every man that hath eyes to perceive and ears to hear cannot but readily recognize how evanescent are its colors.","GWB#096 p195-196","BH02699: 2","BH02699","2","use Reference","confirmed","BH02699","2","Catalogue reference GWB#096 p195-196 identifies BH02699; the quotation and local English wording were compared directly, including translation variants and omissions.","BH02699"
"6483963102f3b8593753c701","means of establishment of future civilization","subject_extracts/Evernote_scrape/means of establishment of future civilization.txt","5","16","confirmed","Catalogue reference SWAB#035 p070 identifies AB00044; the quotation and local English wording were compared directly, including translation variants and omissions.","","Alone amongst them all, this people hath arisen with aims purified of self, following the Teachings of God, most eagerly toiling and striving toward a single goal: to turn this nether dust into high heaven, to make of this world a mirror for the Kingdom, to change this world into a different world, and cause all humankind to adopt the ways of righteousness and a new manner of life.","SWAB#035 p070","AB00044: 3","AB00044","3","use Reference","confirmed","AB00044","3","Catalogue reference SWAB#035 p070 identifies AB00044; the quotation and local English wording were compared directly, including translation variants and omissions.","AB00044"
"af9e1d7adabd1ab8457491e5","methods of teaching the Cause","subject_extracts/Evernote_scrape/methods of teaching the Cause.txt","1","5","confirmed","Catalogue reference SWAB#209 p265 identifies AB01174; the quotation and local English wording were compared directly, including translation variants and omissions.","","Souls are inclined toward estrangement. Steps should first be taken to do away with this estrangement, for only then will the Word take effect.","SWAB#209 p265","AB01174: 3","AB01174","3","use Reference","confirmed","AB01174","3","Catalogue reference SWAB#209 p265 identifies AB01174; the quotation and local English wording were compared directly, including translation variants and omissions.","AB01174"
"f80b0ee4ac43249d0c1ab20c","methods of teaching the Cause","subject_extracts/Evernote_scrape/methods of teaching the Cause.txt","3","12","confirmed","Catalogue reference GWB#096 p196-197 identifies BH02699; the quotation and local English wording were compared directly, including translation variants and omissions.","","Center your energies in the propagation of the Faith of God. Whoso is worthy of so high a calling, let him arise to promote it. Whoso is unable, it is his duty to appoint him who will, in his stead, proclaim this Revelation...","GWB#096 p196-197","BH02699: 5","BH02699","5","use Reference","confirmed","BH02699","5","Catalogue reference GWB#096 p196-197 identifies BH02699; the quotation and local English wording were compared directly, including translation variants and omissions.","BH02699"
"4c2a295a7d826c00cedafcdc","mind as intermediary between soul and body","subject_extracts/Evernote_scrape/mind as intermediary between soul and body.txt","3","9","confirmed","Catalogue reference PT#28:14 p086 identifies ABU0114; the quotation and local English wording were compared directly, including translation variants and omissions.","","The soul has two main faculties. (a) As outer circumstances are communicated to the soul by the eyes, ears, and brain of a man, so does the soul communicate its desires and purposes through the brain to the hands and tongue of the physical body, thereby expressing itself. The spirit in the soul is the very essence of life. (b) The second faculty of the soul expresses itself in the world of vision, where the soul inhabited by the spirit has its being, and functions without the help of the material bodily senses.","PT#28:14 p086","ABU0114: 7","ABU0114","7","use Reference","confirmed","ABU0114","7","Catalogue reference PT#28:14 p086 identifies ABU0114; the quotation and local English wording were compared directly, including translation variants and omissions.","ABU0114"
"4e8b077fa13ae7633b1fa66f","monasticism; asceticism","subject_extracts/Evernote_scrape/monasticism; asceticism.txt","6","18","confirmed","Catalogue reference COC#1155 (from a Tablet of Baha'u'llah) identifies BH00963; the quotation and local English wording were compared directly, including translation variants and omissions.","","Thou has written that they have pledged themselves to observe maximum austerity in their lives with a view to forwarding the remainder of their income to His exalted presence. This matter was mentioned at His holy court. He said: Let them act with moderation and not impose hardship upon themselves. We would like them both to enjoy a life that is well-pleasing.","COC#1155 (from a Tablet of Baha'u'llah)","BH00963: 6","BH00963","6","use Reference","confirmed","BH00963","6","Catalogue reference COC#1155 (from a Tablet of Baha'u'llah) identifies BH00963; the quotation and local English wording were compared directly, including translation variants and omissions.","BH00963"
"600a8037d9f8c1766378396c","multiple meanings; interpretations in scripture","subject_extracts/Evernote_scrape/multiple meanings; interpretations in scripture.txt","3","9","confirmed","Catalogue reference GWB#089 p175 identifies BH00271; the quotation and local English wording were compared directly, including translation variants and omissions.","","Know assuredly that just as thou firmly believest that the Word of God, exalted be His glory, endureth for ever, thou must, likewise, believe with undoubting faith that its meaning can never be exhausted. They who are its appointed interpreters, they whose hearts are the repositories of its secrets, are, however, the only ones who can comprehend its manifold wisdom.","GWB#089 p175","BH00271: 14","BH00271","14","use Reference","confirmed","BH00271","14","Catalogue reference GWB#089 p175 identifies BH00271; the quotation and local English wording were compared directly, including translation variants and omissions.","BH00271"
"a4beef0dac1459906c4599f2","mysteries and their discovery; the mystical vision","subject_extracts/Evernote_scrape/mysteries and their discovery; the mystical vision.txt","44","91","confirmed","Catalogue reference SWAB#145 p170 identifies AB00092; the quotation and local English wording were compared directly, including translation variants and omissions.","","The divine spirit, however, doth unveil divine realities and universal mysteries that lie within the spiritual world. It is my hope that thou wilt attain unto this divine spirit, so that thou mayest uncover the secrets of the other world, as well as the mysteries of the world below.","SWAB#145 p170","AB00092: 5","AB00092","5","use Reference","confirmed","AB00092","5","Catalogue reference SWAB#145 p170 identifies AB00092; the quotation and local English wording were compared directly, including translation variants and omissions.","AB00092"
"ac51bcdfd4e3bee9eef5cd2c","mysteries and their discovery; the mystical vision","subject_extracts/Evernote_scrape/mysteries and their discovery; the mystical vision.txt","65","133","confirmed","Catalogue reference GWB#129 p282 identifies BH00144; the quotation and local English wording were compared directly, including translation variants and omissions.","","We have, through the power of truth, the very truth, manifested an infinitesimal glimmer of Our impenetrable Mystery, and lo, they that have recognized the radiance of the Sinaic splendor expired, as they caught a lightening glimpse of this Crimson Light enveloping the Sinai of Our Revelation.","GWB#129 p282","BH00144: 10","BH00144","10","use Reference","confirmed","BH00144","10","Catalogue reference GWB#129 p282 identifies BH00144; the quotation and local English wording were compared directly, including translation variants and omissions.","BH00144"
"eb4862cd20cc36b211880543","mysteries and their discovery; the mystical vision","subject_extracts/Evernote_scrape/mysteries and their discovery; the mystical vision.txt","66","135","confirmed","Catalogue reference GWB#129 p281-282, Ruhi6.1.15 identifies BH00144; the quotation and local English wording were compared directly, including translation variants and omissions.","","This is the sealed and mystic Scroll, the repository of God's irrevocable Decree, bearing the words which the Finger of Holiness hath traced, that lay wrapt within the veil of impenetrable mystery, and hath now been sent down as a token of the grace of Him Who is the Almighty, the Ancient of Days. In it have We decreed the destinies of all the dwellers of the earth and the denizens of heaven, and written down the knowledge of all things from first to last.","GWB#129 p281-282, Ruhi6.1.15","BH00144: 9","BH00144","9","use Reference","confirmed","BH00144","9","Catalogue reference GWB#129 p281-282, Ruhi6.1.15 identifies BH00144; the quotation and local English wording were compared directly, including translation variants and omissions.","BH00144"
"ecf130f93b5704b3087edd70","mysteries and their discovery; the mystical vision","subject_extracts/Evernote_scrape/mysteries and their discovery; the mystical vision.txt","68","139","confirmed","Catalogue reference COC#622, Ruhi5.3.4 (Abdu'l-Baha) identifies AB03797; the quotation and local English wording were compared directly, including translation variants and omissions.","","Let them make the greatest progress in the shortest span of time, let them open wide their eyes and uncover the inner realities of all things, become proficient in every art and skill, and learn to comprehend the secrets of all things even as they are -- this faculty being one of the clearly evident effects of servitude to the Holy Threshold.","COC#622, Ruhi5.3.4 (Abdu'l-Baha)","AB03797: 4","AB03797","4","use Reference","confirmed","AB03797","4","Catalogue reference COC#622, Ruhi5.3.4 (Abdu'l-Baha) identifies AB03797; the quotation and local English wording were compared directly, including translation variants and omissions.","AB03797"
"d73103b261e9ba1914aacab0","mysteries and their discovery; the mystical vision","subject_extracts/Evernote_scrape/mysteries and their discovery; the mystical vision.txt","81","180","confirmed","Catalogue reference GWB#089 p176 (cf. Hadith of Ja'far as-Sadiq; see Resurrection and Renewal, pp. 56-57; quoted in BB00511) identifies BH00271; the quotation and local English wording were compared directly, including translation variants and omissions.","BB00511","How great the multitude of truths which the garment of words can never contain! How vast the number of such verities as no expression can adequately describe, whose significance can never be unfolded, and to which not even the remotest allusions can be made! How manifold are the truths which must remain unuttered until the appointed time is come! Even as it hath been said: ""Not everything that a man knoweth can be disclosed, nor can everything that he can disclose be regarded as timely, nor can every timely utterance be considered as suited to the capacity of those who hear it."" Of these truths some can be disclosed only to the extent of the capacity of the repositories of the light of Our knowledge..","GWB#089 p176 (cf. Hadith of Ja'far as-Sadiq; see Resurrection and Renewal, pp. 56-57; quoted in BB00511)","BH00271: 15","BH00271","15","use Reference","confirmed","BH00271","15","Catalogue reference GWB#089 p176 (cf. Hadith of Ja'far as-Sadiq; see Resurrection and Renewal, pp. 56-57; quoted in BB00511) identifies BH00271; the quotation and local English wording were compared directly, including translation variants and omissions.","BH00271"
"7b2d16992c079094d0487573","names and attributes of God","subject_extracts/Evernote_scrape/names and attributes of God.txt","4","11","confirmed","Wording matches GWB 142 in BH01231 paragraph 4; the supplied GWB 141 is a reference typo.","","Every time My name ""the All-Merciful"" was told that one of My lovers had breathed a word that runneth counter to My wish, it repaired, grief-stricken and disconsolate to its abode; and whenever My name ""the Concealer"" discovered that one of My followers had inflicted any shame or humiliation on his neighbor, it, likewise, turned back chagrined and sorrowful to its retreats of glory, and there wept and mourned with a sore lamentation. And whenever My name ""the Ever-Forgiving"" perceived that any one of My friends had committed any transgression, it cried out in its great distress, and, overcome with anguish, fell upon the dust, and was borne away by a company of the invisible angels to its habitation in the realms above.","GWB#141 p308-309","BH01231: 4","BH01231","4","use Reference","confirmed","BH01231","4","Wording matches GWB 142 in BH01231 paragraph 4; the supplied GWB 141 is a reference typo.","BH04818"
"1f31f9577aae494b38cb5b5f","non-participation in politics","subject_extracts/Evernote_scrape/non-participation in politics.txt","1","5","confirmed","Catalogue reference GWB#115 p241 identifies BH00513; the quotation and local English wording were compared directly, including translation variants and omissions.","","Forebear ye from concerning yourselves with the affairs of this world and all that pertaineth unto it, or from meddling with the activities of those who are its outward leaders.","GWB#115 p241","BH00513: 6","BH00513","6","use Reference","confirmed","BH00513","6","Catalogue reference GWB#115 p241 identifies BH00513; the quotation and local English wording were compared directly, including translation variants and omissions.","BH00513"
"a0685f35dcb48eb30e1f5e84","obedience to and respect for government authority","subject_extracts/Evernote_scrape/obedience to and respect for government authority.txt","8","19","confirmed","Catalogue reference GWB#102; GWB#102 p207 identifies BH01333; the quotation and local English wording were compared directly, including translation variants and omissions.","","What mankind needeth in this day is obedience unto them that are in authority, and a faithful adherence to the cord of wisdom. The instruments which are essential to the immediate protection, the security and assurance of the human race have been entrusted to the hands, and lie in the grasp, of the governors of human society. This is the wish of God and His decree....","GWB#102","BH01333: 5","BH01333","5","use Reference","confirmed","BH01333","5","Catalogue reference GWB#102; GWB#102 p207 identifies BH01333; the quotation and local English wording were compared directly, including translation variants and omissions.","BH01333"
"4f750bfbdeb51e1ef08ccb97","obedience to; authority of the Manifestations of God","subject_extracts/Evernote_scrape/obedience to; authority of the Manifestations of God.txt","25","56","confirmed","GWB 134 quotation is present in BH00586 paragraph 14, rather than the catalogue-linked BH00195.","","The spirit that animateth the human heart is the knowledge (ma'arifat) of God, and its truest adorning is the recognition of the truth that 'He doeth whatsoever He willeth, and ordaineth that which He pleaseth.' Its raiment is the fear of God, and its perfection steadfastness in His Faith.","GWB#134 p291","BH00586: 14","BH00586","14","use Reference","confirmed","BH00586","14","GWB 134 quotation is present in BH00586 paragraph 14, rather than the catalogue-linked BH00195.","BH00195"
"81b2cabcf27139f241d7143c","one universal law; attractive power of love","subject_extracts/Evernote_scrape/one universal law; attractive power of love.txt","30","69","confirmed","Catalogue reference PT#42:5 p139 identifies ABU0457; the quotation and local English wording were compared directly, including translation variants and omissions.","","Love is the very cause of life; on the other hand, separation brings death. In the world of material creation, for instance, all things owe their actual life to unity.","PT#42:5 p139","ABU0457: 4","ABU0457","4","use Reference","confirmed","ABU0457","4","Catalogue reference PT#42:5 p139 identifies ABU0457; the quotation and local English wording were compared directly, including translation variants and omissions.","ABU0457"
"81b33efb4175a672c88f6ad3","one universal law; attractive power of love","subject_extracts/Evernote_scrape/one universal law; attractive power of love.txt","37","83","confirmed","Catalogue reference PT#42:5 p139 identifies ABU0457; the quotation and local English wording were compared directly, including translation variants and omissions.","","Consider: Unity is necessary to existence. Love is the very cause of life; on the other hand, separation brings death. In the world of material creation, for instance, all things owe their actual life to unity.","PT#42:5 p139","ABU0457: 4","ABU0457","4","use Reference","confirmed","ABU0457","4","Catalogue reference PT#42:5 p139 identifies ABU0457; the quotation and local English wording were compared directly, including translation variants and omissions.","ABU0457"
"d7176a6add6facd8e1c4bcfb","one universal law; attractive power of love","subject_extracts/Evernote_scrape/one universal law; attractive power of love.txt","47","106","confirmed","Catalogue reference PT#11:5 p041 identifies ABU0439; the quotation and local English wording were compared directly, including translation variants and omissions.","","All creation, preceding Man, is bound by the stern law of nature. The great sun, the multitudes of stars, the oceans and seas, the mountains, the rivers, the trees, and all animals, great or small - none is able to evade obedience to nature's law.","PT#11:5 p041","ABU0439: 3","ABU0439","3","use Reference","confirmed","ABU0439","3","Catalogue reference PT#11:5 p041 identifies ABU0439; the quotation and local English wording were compared directly, including translation variants and omissions.","ABU0439"
"066176d26f184f149833ddfc","parents and children; youth; families","subject_extracts/Evernote_scrape/parents and children; youth; families.txt","12","30","confirmed","Catalogue reference SWAB#111 p137, Ruhi5.2.3 identifies AB00251; the quotation and local English wording were compared directly, including translation variants and omissions.","","It is extremely difficult to teach the individual and refine his character once puberty is passed. By then, as experience hath shown, even if every effort be exerted to modify some tendency of his, it all availeth nothing. He may, perhaps, improve somewhat today; but let a few days pass and he forgetteth, and turneth backward to his habitual condition and accustomed ways.","SWAB#111 p137, Ruhi5.2.3","AB00251: 6","AB00251","6","use Reference","confirmed","AB00251","6","Catalogue reference SWAB#111 p137, Ruhi5.2.3 identifies AB00251; the quotation and local English wording were compared directly, including translation variants and omissions.","AB00251"
"5945be2e19a40bf504b6fc4e","perfection; imperfection of nature","subject_extracts/Evernote_scrape/perfection; imperfection of nature.txt","34","80","confirmed","Catalogue reference GWB#142 p311 identifies BH01231; the quotation and local English wording were compared directly, including translation variants and omissions.","","May my inmost being be offered up for the sins of them that have sinned against Thee, for it is as a result of such sins that the Day Star of Thy manifold favors revealeth itself above the horizon of Thy bounty, and the clouds of Thy never-failing providence rain down their gifts upon the realities of all created things.","GWB#142 p311","BH01231: 8","BH01231","8","use Reference","confirmed","BH01231","8","Catalogue reference GWB#142 p311 identifies BH01231; the quotation and local English wording were compared directly, including translation variants and omissions.","BH01231"
"e9ffd24d9ece8c8236c477b4","piety; righteousness; fear of God [taqwa]","subject_extracts/Evernote_scrape/piety; righteousness; fear of God [taqwa].txt","9","21","approximate","","","Lay not aside the fear of God, O ye the learned of the world, and judge fairly the Cause of this unlettered One to Whom all the Books of God, the Protector, the Self-Subsisting, have testified. ...Will not the dread of Divine displeasure, the fear of Him Who hath no peer or equal, arouse you?","GWB#044 p098","BH04596: 2 (1)","","","use Reference","approximate","BH04596","2","GWB 44 identifies BH04596. The appeal to learned divines, fairness and fear of God is in paragraph 2; the local version abbreviates the closing appeal.","BH04596"
"d2fae0b220b6721b12fdd64c","piety; righteousness; fear of God [taqwa]","subject_extracts/Evernote_scrape/piety; righteousness; fear of God [taqwa].txt","11","25","confirmed","Catalogue reference GWB#128 p275, Ruhi3.1.10 (last sentence) identifies BH00144; the quotation and local English wording were compared directly, including translation variants and omissions.","","Cleanse from your hearts the love of worldly things, from your tongues every remembrance except His remembrance, from your entire being whatsoever may deter you from beholding His face, or may tempt you to follow the promptings of your evil and corrupt inclinations. Let God be your fear, O people, and be ye of them that tread the path of righteousness.","GWB#128 p275, Ruhi3.1.10 (last sentence)","BH00144: 16","BH00144","16","use Reference","confirmed","BH00144","16","Catalogue reference GWB#128 p275, Ruhi3.1.10 (last sentence) identifies BH00144; the quotation and local English wording were compared directly, including translation variants and omissions.","BH00144"
"ec27bd3a24ec638e2ad15ff9","piety; righteousness; fear of God [taqwa]","subject_extracts/Evernote_scrape/piety; righteousness; fear of God [taqwa].txt","23","49","confirmed","Catalogue reference LG#763, COC#565, COC#819 (Baha'u'llah) identifies BH01747; the quotation and local English wording were compared directly, including translation variants and omissions.","","That which is of paramount importance for the children, that which must precede all else, is to teach them the oneness of God and the laws of God. For lacking this, the fear of God cannot be inculcated, and lacking the fear of God an infinity of odious and abominable actions will spring up, and sentiments will be uttered that transgress all bounds... The parents must exert every effort to rear their offspring to be religious, for should the children not attain this greatest of adornments, they will not obey their parents, which in a certain sense means that they will not obey God. Indeed, such children will show no consideration to anyone, and will do exactly as they please.","LG#763, COC#565, COC#819 (Baha'u'llah)","BH01747: 10, 11","BH01747","10, 11","use Reference","confirmed","BH01747","10, 11","Catalogue reference LG#763, COC#565, COC#819 (Baha'u'llah) identifies BH01747; the quotation and local English wording were compared directly, including translation variants and omissions.","BH01747"
"c315f48d1232f61f5fce59f4","power; greatness; centrality of the Covenant","subject_extracts/Evernote_scrape/power; greatness; centrality of the Covenant.txt","8","25","confirmed","Catalogue reference SWAB#192 p228 identifies AB00093; the quotation and local English wording were compared directly, including translation variants and omissions.","","Today, the Lord of Hosts is the defender of the Covenant, the forces of the Kingdom protect it, heavenly souls tender their services, and heavenly angels promulgate and spread it broadcast. If it is considered with insight, it will be seen that all the forces of the universe, in the last analysis serve the Covenant.","SWAB#192 p228","AB00093: 8","AB00093","8","use Reference","confirmed","AB00093","8","Catalogue reference SWAB#192 p228 identifies AB00093; the quotation and local English wording were compared directly, including translation variants and omissions.","AB00093"
"dd9e8f4f5a37dd0c3aa62281","present and future calamities; war; universal convulsion","subject_extracts/Evernote_scrape/present and future calamities; war; universal convulsion.txt","5","13","confirmed","Catalogue reference GWB#108 p214 identifies BH00258; the quotation and local English wording were compared directly, including translation variants and omissions.","","We have a fixed time for you, O peoples. If ye fail, at the appointed hour, to turn towards God, He, verily, will lay violent hold on you, and will cause grievous afflictions to assail you from every direction. How severe, indeed, is the chastisement with which your Lord will then chastise you!","GWB#108 p214","BH00258: 3","BH00258","3","use Reference","confirmed","BH00258","3","Catalogue reference GWB#108 p214 identifies BH00258; the quotation and local English wording were compared directly, including translation variants and omissions.","BH00258"
"5c0e7a5031a7bb4d17e9e2f7","progress only takes place within its own degree","subject_extracts/Evernote_scrape/progress only takes place within its own degree.txt","5","19","confirmed","Catalogue reference GWB#093 p188 identifies BH00245; the quotation and local English wording were compared directly, including translation variants and omissions.","","Furthermore, consider the signs of the revelation of God in their relation one to another. Can the sun, which is but one of these signs, be regarded as equal in rank to darkness? The one true God beareth Me witness! No man can believe it, unless he be of those whose hearts are straitened, and whose eyes have become deluded. Say: Consider your own selves. Your nails and eyes are both parts of your bodies. Do ye regard them of equal rank and value? If ye say, yea; say, then: ye have indeed charged with imposture, the Lord, my God, the All-Glorious, inasmuch as ye pare the one, and cherish the other as dearly as your own life.","GWB#093 p188","BH00245: 19, 20","BH00245","19, 20","use Reference","confirmed","BH00245","19, 20","Catalogue reference GWB#093 p188 identifies BH00245; the quotation and local English wording were compared directly, including translation variants and omissions.","BH00245"
"66cc37a77eed9313c6446411","progressive revelation; renewal of religion","subject_extracts/Evernote_scrape/progressive revelation; renewal of religion.txt","77","166","confirmed","The quotation belongs to GWB 87, BH00060 paragraph 47; GWB 82 in the reference is a typo.","","His creation hath ever existed, and the Manifestations of His Divine glory and the Day Springs of eternal holiness have been sent down from time immemorial, and been commissioned to summon mankind to the one true God. That the names of some of them are forgotten and the records of their lives lost is to be attributed to the disturbances and changes that have overtaken the world.","GWB#082 p174","BH00060: 47","BH00060","47","use Reference","confirmed","BH00060","47","The quotation belongs to GWB 87, BH00060 paragraph 47; GWB 82 in the reference is a typo.","BH00328"
"98114afd627ef3824253b30b","progressive revelation; renewal of religion","subject_extracts/Evernote_scrape/progressive revelation; renewal of religion.txt","82","176","confirmed","Catalogue reference GWB#087 p172 identifies BH00060; the quotation and local English wording were compared directly, including translation variants and omissions.","","And now regarding thy question, ""How is it that no records are to be found concerning the Prophets that have preceded Adam, the Father of Mankind, or of the kings that lived in the days of those Prophets?"" Know thou that the absence of any reference to them is no proof that they did not actually exist. That no records concerning them are now available, should be attributed to their extreme remoteness, as well as to the vast changes which the earth hath undergone since their time.","GWB#087 p172","BH00060: 45","BH00060","45","use Reference","confirmed","BH00060","45","Catalogue reference GWB#087 p172 identifies BH00060; the quotation and local English wording were compared directly, including translation variants and omissions.","BH00060"
"8e0cef036ab7ab422d11aff2","progressive revelation; renewal of religion","subject_extracts/Evernote_scrape/progressive revelation; renewal of religion.txt","83","178","confirmed","Catalogue reference GWB#153 p324 identifies BH00249; the quotation and local English wording were compared directly, including translation variants and omissions.","","Think ye, O My servants, that the Hand of My all-encompassing, My overshadowing, and transcendent sovereignty is chained up, that the flow of Mine ancient, My ceaseless, and all-pervasive mercy is checked, or that the clouds of My sublime and unsurpassed favors have ceased to rain their gifts upon men? Can ye imagine that the wondrous works that have proclaimed My divine and resistless power are withdrawn, or that the potency of My will and purpose hath been deterred from directing the destinies of mankind?","GWB#153 p324","BH00249: 15","BH00249","15","use Reference","confirmed","BH00249","15","Catalogue reference GWB#153 p324 identifies BH00249; the quotation and local English wording were compared directly, including translation variants and omissions.","BH00249"
"532786b61c0145e955bdcf9c","proofs for the existence; immortality of the soul","subject_extracts/Evernote_scrape/proofs for the existence; immortality of the soul.txt","58","137","confirmed","Catalogue reference PT#28:14 p086 identifies ABU0114; the quotation and local English wording were compared directly, including translation variants and omissions.","","The soul has two main faculties. (a) As outer circumstances are communicated to the soul by the eyes, ears, and brain of a man, so does the soul communicate its desires and purposes through the brain to the hands and tongue of the physical body, thereby expressing itself. The spirit in the soul is the very essence of life. (b) The second faculty of the soul expresses itself in the world of vision, where the soul inhabited by the spirit has its being, and functions without the help of the material bodily senses.","PT#28:14 p086","ABU0114: 7","ABU0114","7","use Reference","confirmed","ABU0114","7","Catalogue reference PT#28:14 p086 identifies ABU0114; the quotation and local English wording were compared directly, including translation variants and omissions.","ABU0114"
"abe368ebb44ee641166bd0f9","proofs of the Manifestations of God","subject_extracts/Evernote_scrape/proofs of the Manifestations of God.txt","41","130","confirmed","The explicit AB03213 reference identifies the exact tablet and paragraph 1. COC 29 in the supplied reference points to a different catalogue record.","AB03213","It is imperative to acquire the knowledge of divine proofs and evidences, and to acquaint oneself with convincing testimonies which demonstrate the revelation of God's resplendent Light. The study group thou didst organize hath inspired much joy and happiness to the heart of Abdu'l-Baha. Thou must exert much effort and show forth perseverance and constancy that, God willing, through the reviving breaths of His mercy, souls may be so educated as to become like radiant candles shining in the assemblage of divine knowledge and understanding. This matter is highly important. It is binding on everyone and must be regarded as an obligation.","(Abdu'l-Baha, AB03213, COC#0029)","AB03213: 1","AB03213","1","use Reference","confirmed","AB03213","1","The explicit AB03213 reference identifies the exact tablet and paragraph 1. COC 29 in the supplied reference points to a different catalogue record.","BH00069"
"53f5a50e5d3261cd223daa11","purity of heart; sincerity of intention; sanctity","subject_extracts/Evernote_scrape/purity of heart; sincerity of intention; sanctity.txt","29","61","confirmed","Catalogue reference GWB#100 p205 identifies BH00718; the quotation and local English wording were compared directly, including translation variants and omissions.","","Whoso hath known Him shall soar in the immensity of His love, and shall be detached from the world and all that is therein.... Hearken ye to the Call of this wronged One, and magnify ye the name of the one true God, and adorn yourselves with the ornament of His remembrance, and illumine your hearts with the light of His love. This is the key that unlocketh the hearts of men, the burnish that shall cleanse the souls of all beings.","GWB#100 p205","BH00718: 14, 15","BH00718","14, 15","use Reference","confirmed","BH00718","14, 15","Catalogue reference GWB#100 p205 identifies BH00718; the quotation and local English wording were compared directly, including translation variants and omissions.","BH00718"
"76020bc5eb5ef140397e5780","purity of heart; sincerity of intention; sanctity","subject_extracts/Evernote_scrape/purity of heart; sincerity of intention; sanctity.txt","61","125","confirmed","Catalogue reference GWB#128 p275, Ruhi3.1.10 (last sentence) identifies BH00144; the quotation and local English wording were compared directly, including translation variants and omissions.","","Cleanse from your hearts the love of worldly things, from your tongues every remembrance except His remembrance, from your entire being whatsoever may deter you from beholding His face, or may tempt you to follow the promptings of your evil and corrupt inclinations. Let God be your fear, O people, and be ye of them that tread the path of righteousness.","GWB#128 p275, Ruhi3.1.10 (last sentence)","BH00144: 16","BH00144","16","use Reference","confirmed","BH00144","16","Catalogue reference GWB#128 p275, Ruhi3.1.10 (last sentence) identifies BH00144; the quotation and local English wording were compared directly, including translation variants and omissions.","BH00144"
"e281fc48bf2950ac82fe5ddb","purpose of religion in the world (personal and social)","subject_extracts/Evernote_scrape/purpose of religion in the world (personal and social).txt","5","13","confirmed","Catalogue reference PT#42:5 p139 identifies ABU0457; the quotation and local English wording were compared directly, including translation variants and omissions.","","Consider: Unity is necessary to existence. Love is the very cause of life; on the other hand, separation brings death. In the world of material creation, for instance, all things owe their actual life to unity.","PT#42:5 p139","ABU0457: 4","ABU0457","4","use Reference","confirmed","ABU0457","4","Catalogue reference PT#42:5 p139 identifies ABU0457; the quotation and local English wording were compared directly, including translation variants and omissions.","ABU0457"
"61d620545fcee1018322f9e4","purpose of religion in the world (personal and social)","subject_extracts/Evernote_scrape/purpose of religion in the world (personal and social).txt","44","100","confirmed","Catalogue reference COC#2032, Ruhi5.1.11 (Baha'u'llah) identifies BH00961; the quotation and local English wording were compared directly, including translation variants and omissions.","","This Wronged One testifieth that the purpose for which mortal men have, from utter nothingness, stepped into the realm of being, is that they may work for the betterment of the world and live together in concord and harmony.","COC#2032, Ruhi5.1.11 (Baha'u'llah)","BH00961: 13","BH00961","13","use Reference","confirmed","BH00961","13","Catalogue reference COC#2032, Ruhi5.1.11 (Baha'u'llah) identifies BH00961; the quotation and local English wording were compared directly, including translation variants and omissions.","BH00961"
"cd4a9e3cfeeb07b7b8185f25","purpose of religion in the world (personal and social)","subject_extracts/Evernote_scrape/purpose of religion in the world (personal and social).txt","49","110","confirmed","Catalogue reference GWB#043 p097, TB.094 identifies BH00238; the quotation and local English wording were compared directly, including translation variants and omissions.","","The distinguishing feature that marketh the preeminent character of this Supreme Revelation consisteth in that We have, on the one hand, blotted out from the pages of God's holy Book whatsoever hath been the cause of strife, of malice and mischief amongst the children of men, and have, on the other, laid down the essential prerequisites of concord, of understanding, of complete and enduring unity.","GWB#043 p097, TB.094","BH00238: 34","BH00238","34","use Reference","confirmed","BH00238","34","Catalogue reference GWB#043 p097, TB.094 identifies BH00238; the quotation and local English wording were compared directly, including translation variants and omissions.","BH00238"
"c1be9be85e8267de7511be89","purpose of religion in the world (personal and social)","subject_extracts/Evernote_scrape/purpose of religion in the world (personal and social).txt","103","230","confirmed","Catalogue reference COC#560, COC#770, Ruhi2.3.12 (Baha'u'llah) identifies BH09996; the quotation and local English wording were compared directly, including translation variants and omissions.","","Strain every nerve to acquire both inner and outer perfections, for the fruit of the human tree hath ever been and will ever be perfections both within and without. It is not desirable that a man be left without knowledge or skills, for he is then but a barren tree. Then, so much as capacity and capability allow, ye needs must deck the tree of being with fruits such as knowledge, wisdom, spiritual perception and eloquent speech.","COC#560, COC#770, Ruhi2.3.12 (Baha'u'llah)","BH09996: 2","BH09996","2","use Reference","confirmed","BH09996","2","Catalogue reference COC#560, COC#770, Ruhi2.3.12 (Baha'u'llah) identifies BH09996; the quotation and local English wording were compared directly, including translation variants and omissions.","BH09996"
"73819bffb61639b46971f45d","purpose of religion in the world (personal and social)","subject_extracts/Evernote_scrape/purpose of religion in the world (personal and social).txt","107","241","confirmed","Catalogue reference GWB#109 p215, Ruhi2.3.3 identifies BH00407; the quotation and local English wording were compared directly, including translation variants and omissions.","","All men have been created to carry forward an ever-advancing civilization.","GWB#109 p215, Ruhi2.3.3","BH00407: 10","BH00407","10","use Reference","confirmed","BH00407","10","Catalogue reference GWB#109 p215, Ruhi2.3.3 identifies BH00407; the quotation and local English wording were compared directly, including translation variants and omissions.","BH00407"
"a574950e7cc763d7f901ca62","rational arguments","subject_extracts/Evernote_scrape/rational arguments.txt","6","15","confirmed","Catalogue reference COC#578, BP.103, Ruhi7.2.4 (Abdu'l-Baha) identifies AB00787; the quotation and local English wording were compared directly, including translation variants and omissions.","","O Lord, help Thou Thy loved ones to acquire knowledge and the sciences and arts, and to unravel the secrets that are treasured up in the inmost reality of all created beings. Make them to hear the hidden truths that are written and embedded in the heart of all that is.... The attainment of the most great guidance is dependent upon knowledge and wisdom, and on being informed as to the mysteries of the Holy Words. Wherefore must the loved ones of God ... each one according to his capabilities, strive to acquire the various branches of knowledge, and to increase his understanding of the mysteries of the Holy Books, and his skill in marshaling the divine proofs and evidences.","COC#578, BP.103, Ruhi7.2.4 (Abdu'l-Baha)","AB00787: 1, 2, 3","AB00787","1, 2, 3","use Reference","confirmed","AB00787","1, 2, 3","Catalogue reference COC#578, BP.103, Ruhi7.2.4 (Abdu'l-Baha) identifies AB00787; the quotation and local English wording were compared directly, including translation variants and omissions.","AB00787"
"8e495602a27c9c2bf185d023","realm of similitudes ['alam-i-mithal]","subject_extracts/Evernote_scrape/realm of similitudes ['alam-i-mithal].txt","6","15","confirmed","Catalogue reference PT#28:14 p086 identifies ABU0114; the quotation and local English wording were compared directly, including translation variants and omissions.","","The second faculty of the soul expresses itself in the world of vision, where the soul inhabited by the spirit has its being, and functions without the help of the material bodily senses. There, in the realm of vision, the soul sees without the help of the physical eye, hears without the aid of the physical ear, and travels without dependence upon physical motion. It is, therefore, clear that the spirit in the soul of man can function through the physical body by using the organs of the ordinary senses, and that it is able also to live and act without their aid in the world of vision.","PT#28:14 p086","ABU0114: 7","ABU0114","7","use Reference","confirmed","ABU0114","7","Catalogue reference PT#28:14 p086 identifies ABU0114; the quotation and local English wording were compared directly, including translation variants and omissions.","ABU0114"
"e9ec2036e4dfb54beadcdab2","regarding the receptivity of the hearer in teaching the Cause","subject_extracts/Evernote_scrape/regarding the receptivity of the hearer in teaching the Cause.txt","2","7","confirmed","Catalogue reference GWB#089 p176 (cf. Hadith of Ja'far as-Sadiq; see Resurrection and Renewal, pp. 56-57; quoted in BB00511) identifies BH00271; the quotation and local English wording were compared directly, including translation variants and omissions.","BB00511","How great the multitude of truths which the garment of words can never contain! How vast the number of such verities as no expression can adequately describe, whose significance can never be unfolded, and to which not even the remotest allusions can be made! How manifold are the truths which must remain unuttered until the appointed time is come! Even as it hath been said: ""Not everything that a man knoweth can be disclosed, nor can everything that he can disclose be regarded as timely, nor can every timely utterance be considered as suited to the capacity of those who hear it."" Of these truths some can be disclosed only to the extent of the capacity of the repositories of the light of Our knowledge..","GWB#089 p176 (cf. Hadith of Ja'far as-Sadiq; see Resurrection and Renewal, pp. 56-57; quoted in BB00511)","BH00271: 15","BH00271","15","use Reference","confirmed","BH00271","15","Catalogue reference GWB#089 p176 (cf. Hadith of Ja'far as-Sadiq; see Resurrection and Renewal, pp. 56-57; quoted in BB00511) identifies BH00271; the quotation and local English wording were compared directly, including translation variants and omissions.","BH00271"
"baede30470f2a07571c8f737","rejection, opposition and persecution","subject_extracts/Evernote_scrape/rejection, opposition and persecution.txt","35","82","unmatched","GWB 29 identifies BH00958. The quotation is present in original-language paragraph 7 (the passage about killing, plunder, exile and oil for the lamp), but its corresponding English paragraph 7 stops before this passage. English text is missing; the candidate marks its surrounding paragraph, not a translated match.","","Behold how in this Dispensation the worthless and foolish have fondly imagined that by such instruments as massacre, plunder and banishment they can extinguish the Lamp which the Hand of Divine power hath lit, or eclipse the Day Star of everlasting splendor. How utterly unaware they seem to be of the truth that such adversity is the oil that feedeth the flame of this Lamp! Such is God's transforming power. He changeth whatsoever He willeth; He verily hath power over all things....","GWB#029 p072, Ruhi4.3.15","BH00958: 7 (0)","","","use Reference","needs review","","","GWB 29 identifies BH00958. The quotation is present in original-language paragraph 7 (the passage about killing, plunder, exile and oil for the lamp), but its corresponding English paragraph 7 stops before this passage. English text is missing; the candidate marks its surrounding paragraph, not a translated match.","BH00958"
"88d4b761b0a15b4df65e8440","relationship of the soul to the body","subject_extracts/Evernote_scrape/relationship of the soul to the body.txt","12","33","confirmed","Catalogue reference PT#28:16 p086-087 identifies ABU0114; the quotation and local English wording were compared directly, including translation variants and omissions.","","The spirit does not need a body, but the body needs spirit, or it cannot live. The soul can live without a body, but the body without a soul dies.","PT#28:16 p086-087","ABU0114: 8","ABU0114","8","use Reference","confirmed","ABU0114","8","Catalogue reference PT#28:16 p086-087 identifies ABU0114; the quotation and local English wording were compared directly, including translation variants and omissions.","ABU0114"
"58247ccf1966d0256790ad56","relativity and complementary truths","subject_extracts/Evernote_scrape/relativity and complementary truths.txt","2","7","confirmed","Quotation matches GWB 93 in BH00245, paragraph 10; the supplied GWB 83 reference is inconsistent with the wording.","","It should be remembered in this connection that the one true God is in Himself exalted beyond and above proximity and remoteness. His reality transcendeth such limitations. His relationship to His creatures knoweth no degrees. That some are near and others are far is to be ascribed to the manifestations themselves.","GWB#083 p185-186","BH00245: 10","BH00245","10","use Reference","confirmed","BH00245","10","Quotation matches GWB 93 in BH00245, paragraph 10; the supplied GWB 83 reference is inconsistent with the wording.","BH00210"
"615190e30bc8ac31c2a794db","reward and punishment","subject_extracts/Evernote_scrape/reward and punishment.txt","20","49","confirmed","Catalogue reference GWB#161 p339 identifies BH00245; the quotation and local English wording were compared directly, including translation variants and omissions.","","He who shall accept and believe, shall receive his reward; and he who shall turn away, shall receive none other than his own punishment.","GWB#161 p339","BH00245: 27","BH00245","27","use Reference","confirmed","BH00245","27","Catalogue reference GWB#161 p339 identifies BH00245; the quotation and local English wording were compared directly, including translation variants and omissions.","BH00245"
"3c7bf52cfddeae8f6965ae8a","selfishness; self-love; egotism; self-indulgence","subject_extracts/Evernote_scrape/selfishness; self-love; egotism; self-indulgence.txt","8","19","confirmed","Catalogue reference TAB.722-723, Ruhi5.3.6; SWAB#155 is revised translation identifies AB01404; the quotation and local English wording were compared directly, including translation variants and omissions.","","Thou hast written concerning the tests that have come upon thee. To the sincere ones, tests are as a gift from God, the Exalted, for a heroic person hasteneth, with the utmost joy and gladness, to the tests of a violent battlefield, but the coward is afraid and trembles and utters moaning and lamentation. ...for holy souls, trials are as the gift of God, the Exalted; but for weak souls they are an unexpected calamity. This test is just as thou hast written: it removeth the rust of egotism from the mirror of the heart until the Sun of Truth may shine therein. For, no veil is greater than egotism and no matter how thin that covering may be, yet it will finally veil man entirely and prevent him from receiving a portion from the eternal bounty.","TAB.722-723, Ruhi5.3.6; SWAB#155 is revised translation","AB01404: 2, 3, 4","AB01404","2, 3, 4","use Reference","confirmed","AB01404","2, 3, 4","Catalogue reference TAB.722-723, Ruhi5.3.6; SWAB#155 is revised translation identifies AB01404; the quotation and local English wording were compared directly, including translation variants and omissions.","AB01404"
"99f5022ae7234caefb6c7bd2","serving humanity; working for progress, betterment of the world","subject_extracts/Evernote_scrape/serving humanity; working for progress, betterment of the world.txt","2","7","confirmed","Catalogue reference GWB#109 p215, Ruhi2.3.3 identifies BH00407; the quotation and local English wording were compared directly, including translation variants and omissions.","","All men have been created to carry forward an ever-advancing civilization.","GWB#109 p215, Ruhi2.3.3","BH00407: 10","BH00407","10","use Reference","confirmed","BH00407","10","Catalogue reference GWB#109 p215, Ruhi2.3.3 identifies BH00407; the quotation and local English wording were compared directly, including translation variants and omissions.","BH00407"
"434aba185866cd98d0608206","serving humanity; working for progress, betterment of the world","subject_extracts/Evernote_scrape/serving humanity; working for progress; betterment of the world.txt","3","9","confirmed","Catalogue reference COC#2032, Ruhi5.1.11 (Baha'u'llah) identifies BH00961; the quotation and local English wording were compared directly, including translation variants and omissions.","","This Wronged One testifieth that the purpose for which mortal men have, from utter nothingness, stepped into the realm of being, is that they may work for the betterment of the world and live together in concord and harmony.","COC#2032, Ruhi5.1.11 (Baha'u'llah)","BH00961: 13","BH00961","13","use Reference","confirmed","BH00961","13","Catalogue reference COC#2032, Ruhi5.1.11 (Baha'u'llah) identifies BH00961; the quotation and local English wording were compared directly, including translation variants and omissions.","BH00961"
"130bc3b76472f7a251176d76","soul is the essential reality of man","subject_extracts/Evernote_scrape/soul is the essential reality of man.txt","10","23","confirmed","Catalogue reference PT#28:6 p085 identifies ABU0114; the quotation and local English wording were compared directly, including translation variants and omissions.","","Man - the true man - is soul, not body; though physically man belongs to the animal kingdom, yet his soul lifts him above the rest of creation.","PT#28:6 p085","ABU0114: 5","ABU0114","5","use Reference","confirmed","ABU0114","5","Catalogue reference PT#28:6 p085 identifies ABU0114; the quotation and local English wording were compared directly, including translation variants and omissions.","ABU0114"
"12c6f69f6a2c06408de9417a","soul is the essential reality of man","subject_extracts/Evernote_scrape/soul is the essential reality of man.txt","11","25","confirmed","Catalogue reference PT#28:13 p086 identifies ABU0114; the quotation and local English wording were compared directly, including translation variants and omissions.","","The human body is visible, the soul is invisible. It is the soul nevertheless that directs a man's faculties, that governs his humanity.","PT#28:13 p086","ABU0114: 7","ABU0114","7","use Reference","confirmed","ABU0114","7","Catalogue reference PT#28:13 p086 identifies ABU0114; the quotation and local English wording were compared directly, including translation variants and omissions.","ABU0114"
"a3047c4bb60a4b431d981922","soul; spirit after death","subject_extracts/Evernote_scrape/soul; spirit after death.txt","11","25","confirmed","Catalogue reference GWB#153 p329, ADJ#113 p125, Ruhi1.3.17 identifies BH00249; the quotation and local English wording were compared directly, including translation variants and omissions.","","Sorrow not if, in these days and on this earthly plane, things contrary to your wishes have been ordained and manifested by God, for days of blissful joy, of heavenly delight, are assuredly in store for you. Worlds, holy and spiritually glorious, will be unveiled to your eyes. You are destined by Him, in this world and hereafter, to partake of their benefits, to share in their joys, and to obtain a portion of their sustaining grace. To each and every one of them you will, no doubt, attain.","GWB#153 p329, ADJ#113 p125, Ruhi1.3.17","BH00249: 29","BH00249","29","use Reference","confirmed","BH00249","29","Catalogue reference GWB#153 p329, ADJ#113 p125, Ruhi1.3.17 identifies BH00249; the quotation and local English wording were compared directly, including translation variants and omissions.","BH00249"
"f1e6db5b5d57a398ad316326","soul; spirit after death","subject_extracts/Evernote_scrape/soul; spirit after death.txt","13","29","confirmed","Full wording matches SWAB 145, AB00092 paragraph 7; supplied SWAB 70 is a reference error.","","As to thy question regarding discoveries made by the soul after it hath put off its human form: certainly, that world is a world of perceptions and discoveries, for the interposed veil will be lifted away and the human spirit will gaze upon souls that are above, below, and on a par with itself. It is similar to the condition of a human being in the womb, where his eyes are veiled, and all things are hidden away from him. Once he is born out of the uterine world and entereth this life, he findeth it, with relation to that of the womb, to be a place of perceptions and discoveries, and he observeth all things through his outer eye. In the same way, once he hath departed this life, he will behold, in that world whatsoever was hidden from him here: but there he will look upon and comprehend all things with his inner eye. There will he gaze on his fellows and his peers, and those in the ranks above him, and those below.","SWAB#070 p170-171","AB00092: 7","AB00092","7","use Reference","confirmed","AB00092","7","Full wording matches SWAB 145, AB00092 paragraph 7; supplied SWAB 70 is a reference error.","AB00862"
"1ad209e5ab0df654167fc52e","soul; spirit after death","subject_extracts/Evernote_scrape/soul; spirit after death.txt","45","93","confirmed","Catalogue reference GWB#086 p171 identifies BH00972; the quotation and local English wording were compared directly, including translation variants and omissions.","","It is clear and evident that all men shall, after their physical death, estimate the worth of their deeds, and realize all that their hands have wrought.... They that are the followers of the one true God shall, the moment they depart out of this life, experience such joy and gladness as would be impossible to describe, while they that live in error shall be seized with such fear and trembling, and shall be filled with such consternation, as nothing can exceed.","GWB#086 p171","BH00972: 6","BH00972","6","use Reference","confirmed","BH00972","6","Catalogue reference GWB#086 p171 identifies BH00972; the quotation and local English wording were compared directly, including translation variants and omissions.","BH00972"
"e8e256fa82bc170dd071bc16","soul; spirit after death","subject_extracts/Evernote_scrape/soul; spirit after death.txt","80","166","confirmed","Catalogue reference GWB#081 p157 identifies BH00433; the quotation and local English wording were compared directly, including translation variants and omissions.","","All things must needs have a cause, a motive power, an animating principle. These souls and symbols of detachment have provided, and will continue to provide, the supreme moving impulse in the world of being.","GWB#081 p157","BH00433: 16","BH00433","16","use Reference","confirmed","BH00433","16","Catalogue reference GWB#081 p157 identifies BH00433; the quotation and local English wording were compared directly, including translation variants and omissions.","BH00433"
"b0845a0481e587ee8dfd74bd","spiritual baptism","subject_extracts/Evernote_scrape/spiritual baptism.txt","12","30","confirmed","Catalogue reference PT#28:9 p085 identifies ABU0114; the quotation and local English wording were compared directly, including translation variants and omissions.","","Those alone who are baptized by the Divine Spirit will be enabled to bring all peoples into the bond of unity.","PT#28:9 p085","ABU0114: 5","ABU0114","5","use Reference","confirmed","ABU0114","5","Catalogue reference PT#28:9 p085 identifies ABU0114; the quotation and local English wording were compared directly, including translation variants and omissions.","ABU0114"
"01429a8e9d0f66974590a0a2","spiritual foundations of true knowledge","subject_extracts/Evernote_scrape/spiritual foundations of true knowledge.txt","15","36","confirmed","Catalogue reference GWB#089 p177 identifies BH00271; the quotation and local English wording were compared directly, including translation variants and omissions.","","Cleave to the Root of Knowledge, and to Him Who is the Fountain thereof, that thou mayest find thyself independent of all who claim to be well versed in human learning, and whose claim no clear proof, nor the testimony of any enlightening book, can support.","GWB#089 p177","BH00271: 15","BH00271","15","use Reference","confirmed","BH00271","15","Catalogue reference GWB#089 p177 identifies BH00271; the quotation and local English wording were compared directly, including translation variants and omissions.","BH00271"
"059c22aa915a7c45c72844d4","spiritual meetings; gatherings; devotional gatherings; feasts","subject_extracts/Evernote_scrape/spiritual meetings; gatherings; devotional gatherings; feasts.txt","1","5","confirmed","Catalogue reference SWAB#054 p093, Ruhi2.2.5 identifies AB04561; the quotation and local English wording were compared directly, including translation variants and omissions.","","Today it behoveth one and all to forgo the mention of all else, and to disregard all things. Let their speaking, let their inner state be summed up thus: 'Keep all my words of prayer and praise confined to one refrain; make all my life but servitude to Thee.' That is, let them concentrate all their thoughts, all their words, on teaching the Cause of God and spreading the Faith of God, and inspiring all to characterize themselves with the characteristics of God; on loving mankind; on being pure and holy in all things, and spotless in their public and private life; on being upright and detached, and fervent, and afire.","SWAB#054 p093, Ruhi2.2.5","AB04561: 2","AB04561","2","use Reference","confirmed","AB04561","2","Catalogue reference SWAB#054 p093, Ruhi2.2.5 identifies AB04561; the quotation and local English wording were compared directly, including translation variants and omissions.","AB04561"
"3f44938d2ab42450e83bffc1","spiritual prerequisites of teaching the Cause","subject_extracts/Evernote_scrape/spiritual prerequisites of teaching the Cause.txt","3","9","confirmed","Catalogue reference GWB#131 p287, ADJ#039 p024, Ruhi6.2.19 identifies BH00674; the quotation and local English wording were compared directly, including translation variants and omissions.","","That which can ensure the victory of Him Who is the Eternal Truth, His hosts and helpers on earth, have been set down in the sacred Books and Scriptures, and are as clear and manifest as the sun. These hosts are such righteous deeds, such conduct and character, as are acceptable in His sight. Whoso ariseth, in this Day, to aid Our Cause, and summoneth to his assistance the hosts of a praiseworthy character and upright conduct, the influence flowing from such an action will, most certainly, be diffused throughout the whole world.","GWB#131 p287, ADJ#039 p024, Ruhi6.2.19","BH00674: 10","BH00674","10","use Reference","confirmed","BH00674","10","Catalogue reference GWB#131 p287, ADJ#039 p024, Ruhi6.2.19 identifies BH00674; the quotation and local English wording were compared directly, including translation variants and omissions.","BH00674"
"cc358a0e52de3b741cbaecdc","spiritual springtime","subject_extracts/Evernote_scrape/spiritual springtime.txt","20","43","confirmed","The quotation belongs to GWB 87, BH00060 paragraph 47; GWB 82 in the reference is a typo.","","His creation hath ever existed, and the Manifestations of His Divine glory and the Day Springs of eternal holiness have been sent down from time immemorial, and been commissioned to summon mankind to the one true God. That the names of some of them are forgotten and the records of their lives lost is to be attributed to the disturbances and changes that have overtaken the world.","GWB#082 p174","BH00060: 47","BH00060","47","use Reference","confirmed","BH00060","47","The quotation belongs to GWB 87, BH00060 paragraph 47; GWB 82 in the reference is a typo.","BH00328"
"5c3e37746f9884af88476ce8","status of kings; future of monarchy","subject_extracts/Evernote_scrape/status of kings; future of monarchy.txt","1","5","confirmed","Catalogue reference GWB#102; GWB#102 p207 identifies BH01333; the quotation and local English wording were compared directly, including translation variants and omissions.","","What mankind needeth in this day is obedience unto them that are in authority, and a faithful adherence to the cord of wisdom. The instruments which are essential to the immediate protection, the security and assurance of the human race have been entrusted to the hands, and lie in the grasp, of the governors of human society. This is the wish of God and His decree....","GWB#102 p207","BH01333: 5","BH01333","5","use Reference","confirmed","BH01333","5","Catalogue reference GWB#102; GWB#102 p207 identifies BH01333; the quotation and local English wording were compared directly, including translation variants and omissions.","BH01333"
"b45e3267bc4ebf8716c9b4ee","status of kings; future of monarchy","subject_extracts/Evernote_scrape/status of kings; future of monarchy.txt","3","9","confirmed","Catalogue reference GWB#115 p241 identifies BH00513; the quotation and local English wording were compared directly, including translation variants and omissions.","","The one true God, exalted be His glory, hath bestowed the government of the earth upon the kings. To none is given the right to act in any manner that would run counter to the considered views of them who are in authority.","GWB#115 p241","BH00513: 6","BH00513","6","use Reference","confirmed","BH00513","6","Catalogue reference GWB#115 p241 identifies BH00513; the quotation and local English wording were compared directly, including translation variants and omissions.","BH00513"
"e398d1e93e5d68dc92d0f91e","status of material wealth; wealth and poverty","subject_extracts/Evernote_scrape/status of material wealth; wealth and poverty.txt","6","15","confirmed","Catalogue reference GWB#100 p201-202 identifies BH00718; the quotation and local English wording were compared directly, including translation variants and omissions.","","Many a time hath the court of the All-Merciful been to outward seeming so denuded of the riches of this world that they who lived in close association with Him suffered from dire want. Despite their sufferings, the Pen of the Most High hath, at no time, been willing to refer, nor even to make the slightest allusion, to the things that pertain to this world and its treasures. And if, at any time, any gift were presented to Him, that gift was accepted as a token of His grace unto him that offered it. Should it ever please Us to appropriate to Our own use all the treasures of the earth, to none is given the right to question Our authority, or to challenge Our right. It would be impossible to conceive any act more contemptible than soliciting, in the name of the one true God, the riches which men possess.... They who are possessed of riches, however, must have the utmost regard for the poor, for great is the honor destined by God for those poor who are steadfast in patience. By My life! There is no honor, except what God may please to bestow, that can compare to this honor. Great is the blessedness awaiting the poor that endure patiently and conceal their sufferings, and well is it with the rich who bestow their riches on the needy and prefer them before themselves.","GWB#100 p201-202","BH00718: 8, 9","BH00718","8, 9","use Reference","confirmed","BH00718","8, 9","Catalogue reference GWB#100 p201-202 identifies BH00718; the quotation and local English wording were compared directly, including translation variants and omissions.","BH00718"
"dbab50538140169eecb22708","status of material wealth; wealth and poverty","subject_extracts/Evernote_scrape/status of material wealth; wealth and poverty.txt","11","25","confirmed","Catalogue reference COC#2063 (Abdu'l-Baha) identifies AB06704; the quotation and local English wording were compared directly, including translation variants and omissions.","","Commerce, agriculture and industry should not, in truth, be a bar to service of the one true God. Indeed, such occupations are most potent instruments and clear proofs for the manifestation of the evidences of one's piety, of one's trustworthiness and of the virtues of the All-Merciful Lord.""","COC#2063 (Abdu'l-Baha)","AB06704: 2","AB06704","2","use Reference","confirmed","AB06704","2","Catalogue reference COC#2063 (Abdu'l-Baha) identifies AB06704; the quotation and local English wording were compared directly, including translation variants and omissions.","AB06704"
"b3943fecd0d35f270354038e","steadfastness; perseverance; faithfulness","subject_extracts/Evernote_scrape/steadfastness; perseverance; faithfulness.txt","1","5","confirmed","Catalogue reference GWB#093 p186 identifies BH00245; the quotation and local English wording were compared directly, including translation variants and omissions.","","That the heart (qalb) is the throne, in which the Revelation of God the All-Merciful is centered, is attested by the holy utterances which We have formerly revealed. Among them is this saying: 'Earth and heaven cannot contain Me; what can alone contain Me is the heart of him that believeth in Me, and is faithful to My Cause.'","GWB#093 p186","BH00245: 10","BH00245","10","use Reference","confirmed","BH00245","10","Catalogue reference GWB#093 p186 identifies BH00245; the quotation and local English wording were compared directly, including translation variants and omissions.","BH00245"
"2ae2aff76456c6aa8438ff4c","steadfastness; perseverance; faithfulness","subject_extracts/Evernote_scrape/steadfastness; perseverance; faithfulness.txt","3","9","approximate","","","He, verily, shall increase the reward of them that endure with patience. The virtues and attributes pertaining unto God are all evident and manifest, and have been mentioned and described in all the heavenly Books. Among them are trustworthiness, truthfulness, purity of heart while communing with God, forbearance, resignation to whatever the Almighty hath decreed, contentment with the things His Will hath provided, patience, nay, thankfulness in the midst of tribulation, and complete reliance, in all circumstances, upon Him. These rank, according to the estimate of God, among the highest and most laudable of all acts.","GWB#134 p290","BH00586: 13 (1)","","","use Reference","approximate","BH00586","13","The full list of virtues from GWB 134 corresponds to BH00586 paragraph 13, rather than catalogue-linked BH00195. The brief opening sentence about increasing the reward of the patient is absent from this English version.","BH00195"
"2e4f560dafdfda5f8dd04583","steadfastness; perseverance; faithfulness","subject_extracts/Evernote_scrape/steadfastness; perseverance; faithfulness.txt","7","17","confirmed","Catalogue reference GWB#161 p339, Ruhi2.1.9, Ruhi2.2.7 identifies BH00245; the quotation and local English wording were compared directly, including translation variants and omissions.","","Gird up the loins of thine endeavor, that haply thou mayest guide thy neighbor to the law of God, the Most Merciful. Such an act, verily, excelleth all other acts in the sight of God, the All-Possessing, the Most High. Such must be thy steadfastness in the Cause of God, that no earthly thing whatsoever will have the power to deter thee from thy duty. Though the powers of earth be leagued against thee, though all men dispute with thee, thou must remain unshaken.         Be unrestrained as the wind, while carrying the Message of Him Who hath caused the Dawn of Divine Guidance to break.... It bloweth in every direction, as bidden by its Creator. So should be every one that claimeth to be a lover of the one true God. It behoveth him to fix his gaze upon the fundamentals of His Faith, and to labor diligently for its propagation. Wholly for the sake of God he should proclaim His Message, and with that same spirit accept whatever response his words may evoke in his hearer.","GWB#161 p339, Ruhi2.1.9, Ruhi2.2.7","BH00245: 26, 27","BH00245","26, 27","use Reference","confirmed","BH00245","26, 27","Catalogue reference GWB#161 p339, Ruhi2.1.9, Ruhi2.2.7 identifies BH00245; the quotation and local English wording were compared directly, including translation variants and omissions.","BH00245"
"0dbf7422c3b737c58dd40f2f","steadfastness; perseverance; faithfulness","subject_extracts/Evernote_scrape/steadfastness; perseverance; faithfulness.txt","10","23","confirmed","Catalogue reference GWB#100 p201, Ruhi6.2.8 identifies BH00718; the quotation and local English wording were compared directly, including translation variants and omissions.","","If they arise to teach My Cause, they must let the breath of Him Who is the Unconstrained, stir them and must spread it abroad on the earth with high resolve, with minds that are wholly centered in Him, and with hearts that are completely detached from and independent of all things, and with souls that are sanctified from the world and its vanities. It behoveth them to choose as the best provision for their journey reliance upon God, and to clothe themselves with the love of their Lord, the Most Exalted, the All-Glorious. If they do so, their words shall influence their hearers.","GWB#100 p201, Ruhi6.2.8","BH00718: 7","BH00718","7","use Reference","confirmed","BH00718","7","Catalogue reference GWB#100 p201, Ruhi6.2.8 identifies BH00718; the quotation and local English wording were compared directly, including translation variants and omissions.","BH00718"
"bffaa22a933c1db958de4753","steadfastness; perseverance; faithfulness","subject_extracts/Evernote_scrape/steadfastness; perseverance; faithfulness.txt","11","25","confirmed","Catalogue reference GWB#115 p245 identifies BH00513; the quotation and local English wording were compared directly, including translation variants and omissions.","","Such should be thy certitude that if all mankind were to advance such claims as no man hath ever advanced, or any mind conceived, thou wouldst completely ignore them, wouldst cast them from thee, and would set thy face towards Him Who is the Object of the adoration of all world.","GWB#115 p245","BH00513: 11","BH00513","11","use Reference","confirmed","BH00513","11","Catalogue reference GWB#115 p245 identifies BH00513; the quotation and local English wording were compared directly, including translation variants and omissions.","BH00513"
"3ffd944e3f50f6b5a5d727ed","steadfastness; perseverance; faithfulness","subject_extracts/Evernote_scrape/steadfastness; perseverance; faithfulness.txt","13","29","confirmed","Catalogue reference GWB#163 p341 identifies BH06839; the quotation and local English wording were compared directly, including translation variants and omissions.","","Say: The fierce gales and whirlwinds of the world and its peoples can never shake the foundation upon which the rock-like stability of My chosen ones is based.","GWB#163 p341","BH06839: 2","BH06839","2","use Reference","confirmed","BH06839","2","Catalogue reference GWB#163 p341 identifies BH06839; the quotation and local English wording were compared directly, including translation variants and omissions.","BH06839"
"1686ec7e9a43670929c45ecd","teaching the Cause; call to teach","subject_extracts/Evernote_scrape/teaching the Cause; call to teach.txt","2","7","confirmed","Catalogue reference GWB#096 p196-197 identifies BH02699; the quotation and local English wording were compared directly, including translation variants and omissions.","","Center your energies in the propagation of the Faith of God. Whoso is worthy of so high a calling, let him arise to promote it. Whoso is unable, it is his duty to appoint him who will, in his stead, proclaim this Revelation...","GWB#096 p196-197","BH02699: 5","BH02699","5","use Reference","confirmed","BH02699","5","Catalogue reference GWB#096 p196-197 identifies BH02699; the quotation and local English wording were compared directly, including translation variants and omissions.","BH02699"
"0c7a48c04d401f288056a554","teaching the Cause; call to teach","subject_extracts/Evernote_scrape/teaching the Cause; call to teach.txt","3","9","confirmed","Catalogue reference GWB#161 p339, Ruhi2.1.9, Ruhi2.2.7 identifies BH00245; the quotation and local English wording were compared directly, including translation variants and omissions.","","Gird up the loins of thine endeavor, that haply thou mayest guide thy neighbor to the law of God, the Most Merciful. Such an act, verily, excelleth all other acts in the sight of God, the All-Possessing, the Most High. Such must be thy steadfastness in the Cause of God, that no earthly thing whatsoever will have the power to deter thee from thy duty. Though the powers of earth be leagued against thee, though all men dispute with thee, thou must remain unshaken.         Be unrestrained as the wind, while carrying the Message of Him Who hath caused the Dawn of Divine Guidance to break.... It bloweth in every direction, as bidden by its Creator. So should be every one that claimeth to be a lover of the one true God. It behoveth him to fix his gaze upon the fundamentals of His Faith, and to labor diligently for its propagation. Wholly for the sake of God he should proclaim His Message, and with that same spirit accept whatever response his words may evoke in his hearer.","GWB#161 p339, Ruhi2.1.9, Ruhi2.2.7","BH00245: 26, 27","BH00245","26, 27","use Reference","confirmed","BH00245","26, 27","Catalogue reference GWB#161 p339, Ruhi2.1.9, Ruhi2.2.7 identifies BH00245; the quotation and local English wording were compared directly, including translation variants and omissions.","BH00245"
"2647d6faf151b0f5372fc7e2","teachings as spirit of the age","subject_extracts/Evernote_scrape/teachings as spirit of the age.txt","4","14","confirmed","Catalogue reference GWB#096 p196, Ruhi2.3.7 identifies BH02699; the quotation and local English wording were compared directly, including translation variants and omissions.","","A new life is, in this age, stirring within all the peoples of the earth; and yet none hath discovered its cause or perceived its motive.","GWB#096 p196, Ruhi2.3.7","BH02699: 3","BH02699","3","use Reference","confirmed","BH02699","3","Catalogue reference GWB#096 p196, Ruhi2.3.7 identifies BH02699; the quotation and local English wording were compared directly, including translation variants and omissions.","BH02699"
"9fe6db364ee03c48c3408c2a","teleology; goal-directed motion","subject_extracts/Evernote_scrape/teleology; goal-directed motion.txt","9","24","confirmed","Catalogue reference GWB#093 p189-190 identifies BH00245; the quotation and local English wording were compared directly, including translation variants and omissions.","","Consider, for instance, the revelation of the light of the Name of God, the Educator (rabb). Behold, how in all things the evidences of such a revelation are manifest, how the betterment of all beings dependeth upon it. This education is of two kinds. The one is universal. Its influence pervadeth all things and sustaineth them. It is for this reason that God hath assumed the title, 'Lord of all worlds.' (rabbu'l-'alamin) The other is confined to them that have come under the shadow of this Name, and sought the shelter of this most mighty Revelation.","GWB#093 p189-190","BH00245: 22","BH00245","22","use Reference","confirmed","BH00245","22","Catalogue reference GWB#093 p189-190 identifies BH00245; the quotation and local English wording were compared directly, including translation variants and omissions.","BH00245"
"ef9603a77025d4ee761560ea","teleology; goal-directed motion","subject_extracts/Evernote_scrape/teleology; goal-directed motion.txt","10","26","confirmed","Catalogue reference SWAB#192 p228 identifies AB00093; the quotation and local English wording were compared directly, including translation variants and omissions.","","Today, the Lord of Hosts is the defender of the Covenant, the forces of the Kingdom protect it, heavenly souls tender their services, and heavenly angels promulgate and spread it broadcast. If it is considered with insight, it will be seen that all the forces of the universe, in the last analysis serve the Covenant.","SWAB#192 p228","AB00093: 8","AB00093","8","use Reference","confirmed","AB00093","8","Catalogue reference SWAB#192 p228 identifies AB00093; the quotation and local English wording were compared directly, including translation variants and omissions.","AB00093"
"8cbcdaf4880f6a91db3330c2","tests and trials; sacrifice and suffering","subject_extracts/Evernote_scrape/tests and trials; sacrifice and suffering.txt","25","53","confirmed","Catalogue reference TAB.722-723, Ruhi5.3.6; SWAB#155 is revised translation identifies AB01404; the quotation and local English wording were compared directly, including translation variants and omissions.","","Thou hast written concerning the tests that have come upon thee. To the sincere ones, tests are as a gift from God, the Exalted, for a heroic person hasteneth, with the utmost joy and gladness, to the tests of a violent battlefield, but the coward is afraid and trembles and utters moaning and lamentation. ...for holy souls, trials are as the gift of God, the Exalted; but for weak souls they are an unexpected calamity. This test is just as thou hast written: it removeth the rust of egotism from the mirror of the heart until the Sun of Truth may shine therein. For, no veil is greater than egotism and no matter how thin that covering may be, yet it will finally veil man entirely and prevent him from receiving a portion from the eternal bounty.","TAB.722-723, Ruhi5.3.6; SWAB#155 is revised translation","AB01404: 2, 3, 4","AB01404","2, 3, 4","use Reference","confirmed","AB01404","2, 3, 4","Catalogue reference TAB.722-723, Ruhi5.3.6; SWAB#155 is revised translation identifies AB01404; the quotation and local English wording were compared directly, including translation variants and omissions.","AB01404"
"3dbd93d068c75c26b94f3564","tests and trials; sacrifice and suffering","subject_extracts/Evernote_scrape/tests and trials; sacrifice and suffering.txt","26","55","confirmed","Catalogue reference SWAB#196 p238-239 identifies AB01693; the quotation and local English wording were compared directly, including translation variants and omissions.","","Consider how at the beginning of the Christian era the Apostles were afflicted, and what torments they endured in the pathway of Christ. Every day of their lives they were targets for the Pharisees' darts of mockery, vilification and abuse. They bore great hardship; they saw prison; and most of them carried to their lips the sweet cup of martyrdom. Now ye, as well, must certainly become my partners to some slight degree, and accept your share of tests and sorrows. But these episodes shall pass away, while that abiding glory and eternal life shall remain unchanged forever. Moreover, these afflictions shall be the cause of great advancement.","SWAB#196 p238-239","AB01693: 2","AB01693","2","use Reference","confirmed","AB01693","2","Catalogue reference SWAB#196 p238-239 identifies AB01693; the quotation and local English wording were compared directly, including translation variants and omissions.","AB01693"
"dfb799909411eab9beb5e057","thankfulness; gratitude","subject_extracts/Evernote_scrape/thankfulness; gratitude.txt","1","5","approximate","","","He, verily, shall increase the reward of them that endure with patience. The virtues and attributes pertaining unto God are all evident and manifest, and have been mentioned and described in all the heavenly Books. Among them are trustworthiness, truthfulness, purity of heart while communing with God, forbearance, resignation to whatever the Almighty hath decreed, contentment with the things His Will hath provided, patience, nay, thankfulness in the midst of tribulation, and complete reliance, in all circumstances, upon Him. These rank, according to the estimate of God, among the highest and most laudable of all acts.","GWB#134 p290","BH00586: 13 (1)","","","use Reference","approximate","BH00586","13","The full list of virtues from GWB 134 corresponds to BH00586 paragraph 13, rather than catalogue-linked BH00195. The brief opening sentence about increasing the reward of the patient is absent from this English version.","BH00195"
"e1b0ebfa4b366831d5dddaf9","the Kingdom of God [Malakut]","subject_extracts/Evernote_scrape/the Kingdom of God [Malakut].txt","51","111","confirmed","Catalogue reference GWB#128 p276 identifies BH00144; the quotation and local English wording were compared directly, including translation variants and omissions.","","Know ye that by ""the world"" is meant your unawareness of Him Who is your Maker, and your absorption in aught else but Him. The ""life to come,"" on the other hand, signifieth the things that give you a safe approach to God, the All-Glorious, the Incomparable. Whatsoever deterreth you, in this Day, from loving God is nothing but the world.","GWB#128 p276","BH00144: 17","BH00144","17","use Reference","confirmed","BH00144","17","Catalogue reference GWB#128 p276 identifies BH00144; the quotation and local English wording were compared directly, including translation variants and omissions.","BH00144"
"b942a069366730a0e3cf7689","the Word of God; influence and centrality of","subject_extracts/Evernote_scrape/the Word of God; influence and centrality of.txt","9","21","confirmed","Catalogue reference GWB#099 p200 identifies BH01234; the quotation and local English wording were compared directly, including translation variants and omissions.","","...the still greater task of converting satanic strength into heavenly power is one that We have been empowered to accomplish.... The Word of God, alone, can claim the distinction of being endowed with the capacity required for so great and far-reaching a change.","GWB#099 p200","BH01234: 4","BH01234","4","use Reference","confirmed","BH01234","4","Catalogue reference GWB#099 p200 identifies BH01234; the quotation and local English wording were compared directly, including translation variants and omissions.","BH01234"
"eab745ec1900e001c219fe55","the divine emanation; the all-pervading bounty of God","subject_extracts/Evernote_scrape/the divine emanation; the all-pervading bounty of God.txt","8","19","confirmed","Catalogue reference GWB#093 p184 identifies BH00245; the quotation and local English wording were compared directly, including translation variants and omissions.","","Were the Hand of Divine power to divest of this high endowment all created things, the entire universe would become desolate and void.","GWB#093 p184","BH00245: 3","BH00245","3","use Reference","confirmed","BH00245","3","Catalogue reference GWB#093 p184 identifies BH00245; the quotation and local English wording were compared directly, including translation variants and omissions.","BH00245"
"c1926499612578345b29907a","the divine emanation; the all-pervading bounty of God","subject_extracts/Evernote_scrape/the divine emanation; the all-pervading bounty of God.txt","36","81","confirmed","Catalogue reference GWB#093 p184 identifies BH00245; the quotation and local English wording were compared directly, including translation variants and omissions.","","Know thou that every created thing is a sign of the revelation of God. Each, according to its capacity, is, and will ever remain, a token of the Almighty.... ...each and every created thing hath, through the act of the Divine Will, been made a sign of His glory. So pervasive and general is this revelation that nothing whatsoever in the whole universe can be discovered that doth not reflect His splendor. Under such conditions every consideration of proximity and remoteness is obliterated.","GWB#093 p184","BH00245: 3","BH00245","3","use Reference","confirmed","BH00245","3","Catalogue reference GWB#093 p184 identifies BH00245; the quotation and local English wording were compared directly, including translation variants and omissions.","BH00245"
"43d8ea0827990b06b55e2a26","the divine emanation; the all-pervading bounty of God","subject_extracts/Evernote_scrape/the divine emanation; the all-pervading bounty of God.txt","37","83","confirmed","Catalogue reference GWB#093 p189 identifies BH00245; the quotation and local English wording were compared directly, including translation variants and omissions.","","It should be borne in mind, however, that when the light of My Name, the All-Pervading, hath shed its radiance upon the universe, each and every created thing hath, according to a fixed decree, been endowed with the capacity to exercise a particular influence, and been made to possess a distinct virtue.","GWB#093 p189","BH00245: 21","BH00245","21","use Reference","confirmed","BH00245","21","Catalogue reference GWB#093 p189 identifies BH00245; the quotation and local English wording were compared directly, including translation variants and omissions.","BH00245"
"e96ee43d471b9d30b3b527a6","the divine emanation; the all-pervading bounty of God","subject_extracts/Evernote_scrape/the divine emanation; the all-pervading bounty of God.txt","56","121","confirmed","Catalogue reference GWB#153 p324-325 identifies BH00249; the quotation and local English wording were compared directly, including translation variants and omissions.","","Were ye to be fair in your judgment, ye would readily recognize how the realities of all created things are inebriated with the joy of this new and wondrous Revelation, how all the atoms of the earth have been illuminated through the brightness of its glory.... the revelations of My grace and bounty have permeated every atom of the universe...","GWB#153 p324-325","BH00249: 15, 17","BH00249","15, 17","use Reference","confirmed","BH00249","15, 17","Catalogue reference GWB#153 p324-325 identifies BH00249; the quotation and local English wording were compared directly, including translation variants and omissions.","BH00249"
"a0313a3b1d1ebd2c8a8e44bc","the divine emanation; the all-pervading bounty of God","subject_extracts/Evernote_scrape/the divine emanation; the all-pervading bounty of God.txt","58","125","confirmed","Catalogue reference GWB#093 p189-190 identifies BH00245; the quotation and local English wording were compared directly, including translation variants and omissions.","","Consider, for instance, the revelation of the light of the Name of God, the Educator (rabb). Behold, how in all things the evidences of such a revelation are manifest, how the betterment of all beings dependeth upon it. This education is of two kinds. The one is universal. Its influence pervadeth all things and sustaineth them. It is for this reason that God hath assumed the title, 'Lord of all worlds.' (rabbu'l-'alamin) The other is confined to them that have come under the shadow of this Name, and sought the shelter of this most mighty Revelation.","GWB#093 p189-190","BH00245: 22","BH00245","22","use Reference","confirmed","BH00245","22","Catalogue reference GWB#093 p189-190 identifies BH00245; the quotation and local English wording were compared directly, including translation variants and omissions.","BH00245"
"c8337a614c8a685a70b23999","the divine emanation; the all-pervading bounty of God","subject_extracts/Evernote_scrape/the divine emanation; the all-pervading bounty of God.txt","77","169","confirmed","Catalogue reference GWB#153 p325 identifies BH00249; the quotation and local English wording were compared directly, including translation variants and omissions.","","Though the wonders of My mercy have encompassed all created things, both visible and invisible, and though the revelations of My grace and bounty have permeated every atom of the universe, yet the rod with which I can chastise the wicked is grievous, and the fierceness of Mine anger against them terrible.","GWB#153 p325","BH00249: 17","BH00249","17","use Reference","confirmed","BH00249","17","Catalogue reference GWB#153 p325 identifies BH00249; the quotation and local English wording were compared directly, including translation variants and omissions.","BH00249"
"d32999664928840d8dc91e18","the mind's power of discovery","subject_extracts/Evernote_scrape/the mind's power of discovery.txt","6","18","confirmed","Catalogue reference SWAB#145 p169-170 identifies AB00092; the quotation and local English wording were compared directly, including translation variants and omissions.","","The spirit of man is a circumambient power that encompasseth the realities of all things...the human spirit is an all-encompassing power that exerteth its dominion over the inner essences of all created things, uncovering the well kept mysteries of the phenomenal world. The divine spirit, however, doth unveil divine realities and universal mysteries that lie within the spiritual world.","SWAB#145 p169-170","AB00092: 5","AB00092","5","use Reference","confirmed","AB00092","5","Catalogue reference SWAB#145 p169-170 identifies AB00092; the quotation and local English wording were compared directly, including translation variants and omissions.","AB00092"
"15b64599ec598d427a387b6b","the state of enkindlement in teaching","subject_extracts/Evernote_scrape/the state of enkindlement in teaching.txt","4","11","confirmed","Catalogue reference GWB#100 p205 identifies BH00718; the quotation and local English wording were compared directly, including translation variants and omissions.","","Whoso hath known Him shall soar in the immensity of His love, and shall be detached from the world and all that is therein.... Hearken ye to the Call of this wronged One, and magnify ye the name of the one true God, and adorn yourselves with the ornament of His remembrance, and illumine your hearts with the light of His love. This is the key that unlocketh the hearts of men, the burnish that shall cleanse the souls of all beings.","GWB#100 p205","BH00718: 14, 15","BH00718","14, 15","use Reference","confirmed","BH00718","14, 15","Catalogue reference GWB#100 p205 identifies BH00718; the quotation and local English wording were compared directly, including translation variants and omissions.","BH00718"
"742c7df7137af7ccc002cc64","the state of enkindlement in teaching","subject_extracts/Evernote_scrape/the state of enkindlement in teaching.txt","6","15","confirmed","Catalogue reference GWB#152 p322-323 identifies BH00249; the quotation and local English wording were compared directly, including translation variants and omissions.","","O My servants! Be as resigned and submissive as the earth, that from the soil of your being there may blossom the fragrant, the holy and multicolored hyacinths of My knowledge. Be ablaze as the fire, that ye may burn away the veils of heedlessness and set aglow, through the quickening energies of the love of God, the chilled and wayward heart. Be light and untrammeled as the breeze, that ye may obtain admittance into the precincts of My court, My inviolable Sanctuary.","GWB#152 p322-323","BH00249: 11","BH00249","11","use Reference","confirmed","BH00249","11","Catalogue reference GWB#152 p322-323 identifies BH00249; the quotation and local English wording were compared directly, including translation variants and omissions.","BH00249"
"38c928faa698694c07e67157","theodicy; the mystery of evil; of suffering","subject_extracts/Evernote_scrape/theodicy; the mystery of evil; of suffering.txt","2","7","confirmed","Catalogue reference GWB#142 p310 identifies BH01231; the quotation and local English wording were compared directly, including translation variants and omissions.","","My God, my God! If none be found to stray from Thy path, how, then, can the ensign of Thy mercy be unfurled, or the banner of Thy bountiful favor be hoisted? And if iniquity be not committed, what is it that can proclaim Thee to be the Concealer of men's sins, the Ever-Forgiving, the Omniscient, the All-Wise?","GWB#142 p310","BH01231: 8","BH01231","8","use Reference","confirmed","BH01231","8","Catalogue reference GWB#142 p310 identifies BH01231; the quotation and local English wording were compared directly, including translation variants and omissions.","BH01231"
"8e03f9032b63e4318be4d139","transcendence; unknowability of God","subject_extracts/Evernote_scrape/transcendence; unknowability of God.txt","6","15","unmatched","GWB 94 identifies BH01640. The quotation is the closing sentence of original-language paragraph 5, beginning with the relationship of servitude to the Worshipped One. That sentence is omitted from the local English paragraph 5. English text is missing; the candidate marks surrounding context only.","","The tie of servitude established between the worshiper and the adored One, between the creature and the Creator, should in itself be regarded as a token of His gracious favor unto men, and not as an indication of any merit they may possess. To this testifieth every true and discerning believer.","GWB#094 p193-194, Ruhi7.2.21","BH01640: 5 (0)","","","use Reference","needs review","","","GWB 94 identifies BH01640. The quotation is the closing sentence of original-language paragraph 5, beginning with the relationship of servitude to the Worshipped One. That sentence is omitted from the local English paragraph 5. English text is missing; the candidate marks surrounding context only.","BH01640"
"fdf290c22b068ad75575571b","two kinds of civilization; material and spiritual civilization","subject_extracts/Evernote_scrape/two kinds of civilization; material and spiritual civilization.txt","4","14","confirmed","Catalogue reference GWB#109 p215, Ruhi2.3.3 identifies BH00407; the quotation and local English wording were compared directly, including translation variants and omissions.","","All men have been created to carry forward an ever-advancing civilization.","GWB#109 p215, Ruhi2.3.3","BH00407: 10","BH00407","10","use Reference","confirmed","BH00407","10","Catalogue reference GWB#109 p215, Ruhi2.3.3 identifies BH00407; the quotation and local English wording were compared directly, including translation variants and omissions.","BH00407"
"be6f14ee40a395a73631a79f","two kinds of knowledge [ilm and irfan]; sight and insight","subject_extracts/Evernote_scrape/two kinds of knowledge [ilm and irfan]; sight and insight.txt","1","5","confirmed","Catalogue reference GWB#093 p189-190 identifies BH00245; the quotation and local English wording were compared directly, including translation variants and omissions.","","Consider, for instance, the revelation of the light of the Name of God, the Educator (rabb). Behold, how in all things the evidences of such a revelation are manifest, how the betterment of all beings dependeth upon it. This education is of two kinds. The one is universal. Its influence pervadeth all things and sustaineth them. It is for this reason that God hath assumed the title, 'Lord of all worlds.' (rabbu'l-'alamin) The other is confined to them that have come under the shadow of this Name, and sought the shelter of this most mighty Revelation.","GWB#093 p189-190","BH00245: 22","BH00245","22","use Reference","confirmed","BH00245","22","Catalogue reference GWB#093 p189-190 identifies BH00245; the quotation and local English wording were compared directly, including translation variants and omissions.","BH00245"
"a0e82e20c41b213c73c9c929","two kinds of knowledge [ilm and irfan]; sight and insight","subject_extracts/Evernote_scrape/two kinds of knowledge [ilm and irfan]; sight and insight.txt","17","40","confirmed","Catalogue reference SWAB#145 p169-170 identifies AB00092; the quotation and local English wording were compared directly, including translation variants and omissions.","","The spirit of man is a circumambient power that encompasseth the realities of all things...the human spirit is an all-encompassing power that exerteth its dominion over the inner essences of all created things, uncovering the well kept mysteries of the phenomenal world. The divine spirit, however, doth unveil divine realities and universal mysteries that lie within the spiritual world.","SWAB#145 p169-170","AB00092: 5","AB00092","5","use Reference","confirmed","AB00092","5","Catalogue reference SWAB#145 p169-170 identifies AB00092; the quotation and local English wording were compared directly, including translation variants and omissions.","AB00092"
"0b4430508bdc82f24f5af89a","two kinds of knowledge [ilm and irfan]; sight and insight","subject_extracts/Evernote_scrape/two kinds of knowledge [ilm and irfan]; sight and insight.txt","50","106","confirmed","Catalogue reference PT#28:14 p086 identifies ABU0114; the quotation and local English wording were compared directly, including translation variants and omissions.","","The soul has two main faculties. (a) As outer circumstances are communicated to the soul by the eyes, ears, and brain of a man, so does the soul communicate its desires and purposes through the brain to the hands and tongue of the physical body, thereby expressing itself. The spirit in the soul is the very essence of life. (b) The second faculty of the soul expresses itself in the world of vision, where the soul inhabited by the spirit has its being, and functions without the help of the material bodily senses.","PT#28:14 p086","ABU0114: 7","ABU0114","7","use Reference","confirmed","ABU0114","7","Catalogue reference PT#28:14 p086 identifies ABU0114; the quotation and local English wording were compared directly, including translation variants and omissions.","ABU0114"
"eeec5d748eba2edc28329b7e","unity; oneness of humanity","subject_extracts/Evernote_scrape/unity; oneness of humanity.txt","5","13","confirmed","Catalogue reference GWB#131 p286, Ruhi2.3.8 (1st sentence) identifies BH00674; the quotation and local English wording were compared directly, including translation variants and omissions.","","The well-being of mankind, its peace and security, are unattainable unless and until its unity is firmly established. This unity can never be achieved so long as the counsels which the Pen of the Most High hath revealed are suffered to pass unheeded. Through the power of the words He hath uttered the whole of the human race can be illumined with the light of unity...","GWB#131 p286, Ruhi2.3.8 (1st sentence)","BH00674: 7","BH00674","7","use Reference","confirmed","BH00674","7","Catalogue reference GWB#131 p286, Ruhi2.3.8 (1st sentence) identifies BH00674; the quotation and local English wording were compared directly, including translation variants and omissions.","BH00674"
"ff370be18894037f8cf092ec","unity; oneness of humanity","subject_extracts/Evernote_scrape/unity; oneness of humanity.txt","25","53","confirmed","Catalogue reference SWAB#035 p070 identifies AB00044; the quotation and local English wording were compared directly, including translation variants and omissions.","","Alone amongst them all, this people hath arisen with aims purified of self, following the Teachings of God, most eagerly toiling and striving toward a single goal: to turn this nether dust into high heaven, to make of this world a mirror for the Kingdom, to change this world into a different world, and cause all humankind to adopt the ways of righteousness and a new manner of life.","SWAB#035 p070","AB00044: 3","AB00044","3","use Reference","confirmed","AB00044","3","Catalogue reference SWAB#035 p070 identifies AB00044; the quotation and local English wording were compared directly, including translation variants and omissions.","AB00044"
"ccb761cea2690c8a8f66ba01","unity; oneness of humanity","subject_extracts/Evernote_scrape/unity; oneness of humanity.txt","37","77","confirmed","Catalogue reference SWAB#075 p113 identifies AB02916; the quotation and local English wording were compared directly, including translation variants and omissions.","","Variations of colour, of land and of race are of no importance in the Baha'i Faith; on the contrary, Baha'i unity overcometh them all and doeth away with all these fancies and imaginations.","SWAB#075 p113","AB02916: 2","AB02916","2","use Reference","confirmed","AB02916","2","Catalogue reference SWAB#075 p113 identifies AB02916; the quotation and local English wording were compared directly, including translation variants and omissions.","AB02916"
"6f0c234228450eb551c12d6b","unity; oneness of humanity","subject_extracts/Evernote_scrape/unity; oneness of humanity.txt","61","128","confirmed","Catalogue reference PT#28.1-2 p.084 identifies ABU0114; the quotation and local English wording were compared directly, including translation variants and omissions.","","Your souls are as waves on the sea of the spirit; although each individual is a distinct wave, the ocean is one, all are united in God. Every heart should radiate unity, so that the Light of the one Divine Source of all may shine forth bright and luminous. We must not consider the separate waves alone, but the entire sea. We should rise from the individual to the whole. The spirit is as one great ocean and the waves thereof are the souls of men.","PT#28.1-2 p.084","ABU0114: 2, 3","ABU0114","2, 3","use Reference","confirmed","ABU0114","2, 3","Catalogue reference PT#28.1-2 p.084 identifies ABU0114; the quotation and local English wording were compared directly, including translation variants and omissions.","ABU0114"
"8dc3bb196d3c95e549a75f6c","universal education","subject_extracts/Evernote_scrape/universal education.txt","6","15","confirmed","Catalogue reference COC#560, COC#770, Ruhi2.3.12 (Baha'u'llah) identifies BH09996; the quotation and local English wording were compared directly, including translation variants and omissions.","","Strain every nerve to acquire both inner and outer perfections, for the fruit of the human tree hath ever been and will ever be perfections both within and without. It is not desirable that a man be left without knowledge or skills, for he is then but a barren tree. Then, so much as capacity and capability allow, ye needs must deck the tree of being with fruits such as knowledge, wisdom, spiritual perception and eloquent speech.","COC#560, COC#770, Ruhi2.3.12 (Baha'u'llah)","BH09996: 2","BH09996","2","use Reference","confirmed","BH09996","2","Catalogue reference COC#560, COC#770, Ruhi2.3.12 (Baha'u'llah) identifies BH09996; the quotation and local English wording were compared directly, including translation variants and omissions.","BH09996"
"ca41f1fae5cf53b86f435e85","universal education","subject_extracts/Evernote_scrape/universal education.txt","31","68","confirmed","Catalogue reference COC#601, LG#480 ('Abdu'l-Baha) identifies AB01427; the quotation and local English wording were compared directly, including translation variants and omissions.","","Encourage the children from their earliest years to master every kind of learning, and make them eager to become skilled in every art -- the aim being that through the favouring grace of God, the heart of each one may become even as a mirror disclosing the secrets of the universe, penetrating the innermost reality of all things; and that each may earn worldwide fame in all branches of knowledge, science and the arts. Certainly, certainly neglect not the education of the children. Rear them to be possessed of spiritual qualities, and be assured of the gifts and favours of the Lord.","COC#601, LG#480 ('Abdu'l-Baha)","AB01427: 5","AB01427","5","use Reference","confirmed","AB01427","5","Catalogue reference COC#601, LG#480 ('Abdu'l-Baha) identifies AB01427; the quotation and local English wording were compared directly, including translation variants and omissions.","AB01427"
"d76225a0e5a09bcd3479855d","universal education","subject_extracts/Evernote_scrape/universal education.txt","34","77","confirmed","Catalogue reference SWAB#111 p136 identifies AB00251; the quotation and local English wording were compared directly, including translation variants and omissions.","","The cause of wrongdoing is ignorance.... The individual must be educated to such a high degree that he would rather have his throat cut than tell a lie, and would think it easier to be slashed with a sword or pierced with a spear than to utter calumny or be carried away by wrath.","SWAB#111 p136","AB00251: 4","AB00251","4","use Reference","confirmed","AB00251","4","Catalogue reference SWAB#111 p136 identifies AB00251; the quotation and local English wording were compared directly, including translation variants and omissions.","AB00251"
"1c8831048c853522dbbee4c7","universal education","subject_extracts/Evernote_scrape/universal education.txt","37","86","confirmed","Catalogue reference SWAB#111 p136, Ruhi3.3.6 identifies AB00251; the quotation and local English wording were compared directly, including translation variants and omissions.","","The root cause of wrongdoing is ignorance, and we must therefore hold fast to the tools of perception and knowledge. Good character must be taught. Light must be spread afar, so that, in the school of humanity, all may acquire the heavenly characteristics of the spirit, and see for themselves beyond any doubt that there is no fiercer hell, no more fiery abyss, than to possess a character that is evil and unsound; no more darksome pit nor loathsome torment than to show forth qualities which deserve to be condemned.","SWAB#111 p136, Ruhi3.3.6","AB00251: 4","AB00251","4","use Reference","confirmed","AB00251","4","Catalogue reference SWAB#111 p136, Ruhi3.3.6 identifies AB00251; the quotation and local English wording were compared directly, including translation variants and omissions.","AB00251"
"54e490539b52b04468d5a247","universal education","subject_extracts/Evernote_scrape/universal education.txt","44","103","confirmed","Catalogue reference LG#763, COC#565, COC#819 (Baha'u'llah) identifies BH01747; the quotation and local English wording were compared directly, including translation variants and omissions.","","That which is of paramount importance for the children, that which must precede all else, is to teach them the oneness of God and the laws of God. For lacking this, the fear of God cannot be inculcated, and lacking the fear of God an infinity of odious and abominable actions will spring up, and sentiments will be uttered that transgress all bounds... The parents must exert every effort to rear their offspring to be religious, for should the children not attain this greatest of adornments, they will not obey their parents, which in a certain sense means that they will not obey God. Indeed, such children will show no consideration to anyone, and will do exactly as they please.","LG#763, COC#565, COC#819 (Baha'u'llah)","BH01747: 10, 11","BH01747","10, 11","use Reference","confirmed","BH01747","10, 11","Catalogue reference LG#763, COC#565, COC#819 (Baha'u'llah) identifies BH01747; the quotation and local English wording were compared directly, including translation variants and omissions.","BH01747"
"11063db3bae3fe39f292af71","universal peace; world unity","subject_extracts/Evernote_scrape/universal peace; world unity.txt","1","5","confirmed","Catalogue reference GWB#131 p286, Ruhi2.3.8 (1st sentence) identifies BH00674; the quotation and local English wording were compared directly, including translation variants and omissions.","","The well-being of mankind, its peace and security, are unattainable unless and until its unity is firmly established. This unity can never be achieved so long as the counsels which the Pen of the Most High hath revealed are suffered to pass unheeded. Through the power of the words He hath uttered the whole of the human race can be illumined with the light of unity...","GWB#131 p286, Ruhi2.3.8 (1st sentence)","BH00674: 7","BH00674","7","use Reference","confirmed","BH00674","7","Catalogue reference GWB#131 p286, Ruhi2.3.8 (1st sentence) identifies BH00674; the quotation and local English wording were compared directly, including translation variants and omissions.","BH00674"
"c05ca5916acf95102c232bc5","universality of the Cause","subject_extracts/Evernote_scrape/universality of the Cause.txt","4","17","confirmed","Catalogue reference SWAB#069 p106 identifies AB01064; the quotation and local English wording were compared directly, including translation variants and omissions.","","Thou hast written concerning organization. The divine teachings and the admonitions and exhortations of Baha'u'llah are manifestly evident. These constitute the organization of the Kingdom and their enforcement is obligatory. The least deviation from them is absolute error.","SWAB#069 p106","AB01064: 2","AB01064","2","use Reference","confirmed","AB01064","2","Catalogue reference SWAB#069 p106 identifies AB01064; the quotation and local English wording were compared directly, including translation variants and omissions.","AB01064"
"80408db6696af7975ded39fe","useful occupation; acquisition of a craft; trade; profession","subject_extracts/Evernote_scrape/useful occupation; acquisition of a craft; trade; profession.txt","4","11","confirmed","Catalogue reference COC#10 (Baha'u'llah) identifies BH00676; the quotation and local English wording were compared directly, including translation variants and omissions.","","The purpose of learning should be the promotion of the welfare of the people, and this can be achieved through crafts. It hath been revealed and is now repeated that the true worth of artists and craftsmen should be appreciated, for they advance the affairs of mankind.","COC#10 (Baha'u'llah)","BH00676: 11","BH00676","11","use Reference","confirmed","BH00676","11","Catalogue reference COC#10 (Baha'u'llah) identifies BH00676; the quotation and local English wording were compared directly, including translation variants and omissions.","BH00676"
"52eba5ffe19d64f5a32e1a80","walking the spiritual path; spiritual wayfaring; the virtuous life","subject_extracts/Evernote_scrape/walking the spiritual path; spiritual wayfaring; the virtuous life.txt","7","17","approximate","","","He, verily, shall increase the reward of them that endure with patience. The virtues and attributes pertaining unto God are all evident and manifest, and have been mentioned and described in all the heavenly Books. Among them are trustworthiness, truthfulness, purity of heart while communing with God, forbearance, resignation to whatever the Almighty hath decreed, contentment with the things His Will hath provided, patience, nay, thankfulness in the midst of tribulation, and complete reliance, in all circumstances, upon Him. These rank, according to the estimate of God, among the highest and most laudable of all acts.","GWB#134 p290","BH00586: 13 (1)","","","use Reference","approximate","BH00586","13","The full list of virtues from GWB 134 corresponds to BH00586 paragraph 13, rather than catalogue-linked BH00195. The brief opening sentence about increasing the reward of the patient is absent from this English version.","BH00195"
"c909a52f9464410a98d5a765","walking the spiritual path; spiritual wayfaring; the virtuous life","subject_extracts/Evernote_scrape/walking the spiritual path; spiritual wayfaring; the virtuous life.txt","62","130","confirmed","GWB 82 maps to BH00328 paragraph 10. The source quotation is split between the Quotation and Reference columns; this range covers the complete opening discussion of the stages of the soul.","","Much hath been written in the books of old concerning the various stages in the development of the soul, such as concupiscence (amarih;","Qur'an 12:53), irascibility (lawwamih; Quran 75:2), inspiration (mulhamih), benevolence (mutma'innih; Qur'an 89:27), contentment (radiyih), Divine good-pleasure (mardiyih), and the like; the Pen of the Most High, however, is disinclined to dwell upon them. GWB#082 p159","BH00328: 10","BH00328","10","use Reference","confirmed","BH00328","10","GWB 82 maps to BH00328 paragraph 10. The source quotation is split between the Quotation and Reference columns; this range covers the complete opening discussion of the stages of the soul.","BH00328"
"a771ddf9871582ac1e19c632","wine as symbol of spiritual transformation","subject_extracts/Evernote_scrape/wine as symbol of spiritual transformation.txt","10","23","confirmed","Catalogue reference COC#1785 (Baha'u'llah) identifies BH04606; the quotation and local English wording were compared directly, including translation variants and omissions.","","We meant by this Wine, the River of God, and His favor, the fountain of His living waters, and the Mystic Wine and its divine grace...","COC#1785 (Baha'u'llah)","BH04606: 3","BH04606","3","use Reference","confirmed","BH04606","3","Catalogue reference COC#1785 (Baha'u'llah) identifies BH04606; the quotation and local English wording were compared directly, including translation variants and omissions.","BH04606"
"106b4c60d780ace7886eb5c4","wisdom [hikmat]","subject_extracts/Evernote_scrape/wisdom [hikmat].txt","9","21","confirmed","Catalogue reference GWB#089 p176 (cf. Hadith of Ja'far as-Sadiq; see Resurrection and Renewal, pp. 56-57; quoted in BB00511) identifies BH00271; the quotation and local English wording were compared directly, including translation variants and omissions.","BB00511","How great the multitude of truths which the garment of words can never contain! How vast the number of such verities as no expression can adequately describe, whose significance can never be unfolded, and to which not even the remotest allusions can be made! How manifold are the truths which must remain unuttered until the appointed time is come! Even as it hath been said: ""Not everything that a man knoweth can be disclosed, nor can everything that he can disclose be regarded as timely, nor can every timely utterance be considered as suited to the capacity of those who hear it."" Of these truths some can be disclosed only to the extent of the capacity of the repositories of the light of Our knowledge..","GWB#089 p176 (cf. Hadith of Ja'far as-Sadiq; see Resurrection and Renewal, pp. 56-57; quoted in BB00511)","BH00271: 15","BH00271","15","use Reference","confirmed","BH00271","15","Catalogue reference GWB#089 p176 (cf. Hadith of Ja'far as-Sadiq; see Resurrection and Renewal, pp. 56-57; quoted in BB00511) identifies BH00271; the quotation and local English wording were compared directly, including translation variants and omissions.","BH00271"
"cb75a737a8dbcd059f47bd40","wisdom [hikmat]","subject_extracts/Evernote_scrape/wisdom [hikmat].txt","19","44","confirmed","Catalogue reference GWB#164 p343 identifies BH00576; the quotation and local English wording were compared directly, including translation variants and omissions.","","In this Day, We can neither approve the conduct of the fearful that seeketh to dissemble his faith, nor sanction the behavior of the avowed believer that clamorously asserteth his allegiance to this Cause. Both should observe the dictates of wisdom, and strive diligently to serve the best interests of the Faith.","GWB#164 p343","BH00576: 7","BH00576","7","use Reference","confirmed","BH00576","7","Catalogue reference GWB#164 p343 identifies BH00576; the quotation and local English wording were compared directly, including translation variants and omissions.","BH00576"
